Workbook

Sheet 入力シート
B2: 被相続人
B4: 住居表示
C5: 土地
C6: 所在 | D6: 地番 | F6: 地目 | G6: 地積 | H6: 住所 | I6: 氏名 | J6: 登記原因 | K6: 現住所
A7: 1 | B7: 申請地 | C7: =+#REF! -> #REF! | D7: =+#REF! -> #REF! | E7: =CONCATENATE(C7,D7) -> #REF! | F7: =+#REF! -> #REF! | G7: =+#REF! -> #REF! | H7: =+#REF! -> #REF! | I7: =+#REF! -> #REF! | J7: =+#REF! -> #REF!
A8: 2 | B8: 隣接地 | C8: =+#REF! -> #REF! | D8: =+#REF! -> #REF! | E8: =CONCATENATE(C8,D8) -> #REF! | F8: =+#REF! -> #REF! | G8: =+#REF! -> #REF! | H8: =+#REF! -> #REF! | I8: =+#REF! -> #REF! | J8: =+#REF! -> #REF!
A9: 3 | B9: 隣接地 | C9: =+#REF! -> #REF! | D9: =+#REF! -> #REF! | E9: =CONCATENATE(C9,D9) -> #REF! | F9: =+#REF! -> #REF! | G9: =+#REF! -> #REF! | H9: =+#REF! -> #REF! | I9: =+#REF! -> #REF! | J9: =+#REF! -> #REF!
A10: 4 | B10: 隣接地 | C10: =+#REF! -> #REF! | D10: =+#REF! -> #REF! | E10: =CONCATENATE(C10,D10) -> #REF! | F10: =+#REF! -> #REF! | G10: =+#REF! -> #REF! | H10: =+#REF! -> #REF! | I10: =+#REF! -> #REF! | J10: =+#REF! -> #REF!
A11: 5 | B11: 隣接地 | C11: =+#REF! -> #REF! | D11: =+#REF! -> #REF! | E11: =CONCATENATE(C11,D11) -> #REF! | F11: =+#REF! -> #REF! | G11: =+#REF! -> #REF! | H11: =+#REF! -> #REF! | I11: =+#REF! -> #REF! | J11: =+#REF! -> #REF!
A12: 6 | B12: 隣接地 | C12: =+#REF! -> #REF! | D12: =+#REF! -> #REF! | E12: =CONCATENATE(C12,D12) -> #REF! | F12: =+#REF! -> #REF! | G12: =+#REF! -> #REF! | H12: =+#REF! -> #REF! | I12: =+#REF! -> #REF! | J12: =+#REF! -> #REF!
A13: 7
A14: 8
A15: 9
A16: 10
A17: 11
A18: 12
A19: 13
A20: 14
A21: 15
A22: 16
A23: 17
A24: 18
... A28: 22

Sheet 経過記録表
B1: 経過記録表 測量期日＿＿＿＿＿ 決済日＿＿＿＿＿ 測量目的 売買・相続・建替・その他（ ）
B2: 土地の所在 | C2: 地番 | D2: 地目 | E2: 地積(㎡) | F2: 所有者名 | G2: 登記簿上の住所 | H2: 電話番号 | I2: 立会予定日 | J2: 立会日 | K2: 訪問履歴 | L2: 備考
A3: 1 | B3: =IF(ISBLANK($A3),0,VLOOKUP($A3,入力シート!$A$7:$J$21,3,FALSE)) -> #REF! | C3: =IF(ISBLANK($A3),0,VLOOKUP($A3,入力シート!$A$7:$J$21,4,FALSE)) -> #REF! | D3: =IF(ISBLANK($A3),0,VLOOKUP($A3,入力シート!$A$7:$J$21,6,FALSE)) -> #REF! | E3: =IF(ISBLANK(A3),0,VLOOKUP(A3,入力シート!$A$7:$J$21,7,FALSE)) -> #REF! | F3: =IF(ISBLANK($A3),0,VLOOKUP($A3,入力シート!$A$7:$J$21,9,FALSE)) -> #REF! | G3: =IF(ISBLANK($A3),0,VLOOKUP($A3,入力シート!$A$7:$J$21,8,FALSE)) -> #REF!
A4: 2 | B4: =IF(ISBLANK($A4),0,IF(A3=A4,0,VLOOKUP($A4,入力シート!$A$7:$J$21,3,FALSE))) -> #REF! | C4: =IF(ISBLANK($A4),0,IF($A3=$A4,0,VLOOKUP($A4,入力シート!$A$7:$J$21,4,FALSE))) -> #REF! | D4: =IF(ISBLANK($A4),0,IF($A3=$A4,0,VLOOKUP($A4,入力シート!$A$7:$J$21,6,FALSE))) -> #REF! | E4: =IF(ISBLANK($A4),0,IF($A3=$A4,0,VLOOKUP($A4,入力シート!$A$7:$J$21,7,FALSE))) -> #REF! | F4: =IF(ISBLANK($A4),0,IF($A3=$A4,VLOOKUP($A4,入力シート!$A$7:$J$21,11,FALSE),VLOOKUP($A4,入力シート!$A$7:$J$21,9,FALSE))) -> #REF! | G4: =IF(ISBLANK($A4),0,IF($A3=$A4,VLOOKUP($A4,入力シート!$A$7:$J$21,10,FALSE),VLOOKUP($A4,入力シート!$A$7:$J$21,8,FALSE))) -> #REF!
A5: 3 | B5: =IF(ISBLANK($A5),0,IF(A4=A5,0,VLOOKUP($A5,入力シート!$A$7:$J$21,3,FALSE))) -> #REF! | C5: =IF(ISBLANK($A5),0,IF($A4=$A5,0,VLOOKUP($A5,入力シート!$A$7:$J$21,4,FALSE))) -> #REF! | D5: =IF(ISBLANK($A5),0,IF($A4=$A5,0,VLOOKUP($A5,入力シート!$A$7:$J$21,6,FALSE))) -> #REF! | E5: =IF(ISBLANK($A5),0,IF($A4=$A5,0,VLOOKUP($A5,入力シート!$A$7:$J$21,7,FALSE))) -> #REF! | F5: =IF(ISBLANK($A5),0,IF($A3=$A5,VLOOKUP($A5,入力シート!$A$7:$J$21,13,FALSE),IF($A4=$A5,VLOOKUP($A5,入力シート!$A$7:$J$21,11,FALSE),VLOOKUP($A5,入力シート!$A$7:$J$21,9,FALSE)))) -> #REF! | G5: =IF(ISBLANK($A5),0,IF($A3=$A5,VLOOKUP($A5,入力シート!$A$7:$J$21,12,FALSE),IF($A4=$A5,VLOOKUP($A5,入力シート!$A$7:$J$21,10,FALSE),VLOOKUP($A5,入力シート!$A$7:$J$21,8,FALSE)))) -> #REF!
A6: 4 | B6: =IF(ISBLANK($A6),0,IF(A5=A6,0,VLOOKUP($A6,入力シート!$A$7:$J$21,3,FALSE))) -> #REF! | C6: =IF(ISBLANK($A6),0,IF($A5=$A6,0,VLOOKUP($A6,入力シート!$A$7:$J$21,4,FALSE))) -> #REF! | D6: =IF(ISBLANK($A6),0,IF($A5=$A6,0,VLOOKUP($A6,入力シート!$A$7:$J$21,6,FALSE))) -> #REF! | E6: =IF(ISBLANK($A6),0,IF($A5=$A6,0,VLOOKUP($A6,入力シート!$A$7:$J$21,7,FALSE))) -> #REF! | F6: =IF(ISBLANK($A6),0,IF($A3=$A6,VLOOKUP($A6,入力シート!$A$7:$J$21,15,FALSE),IF($A4=$A6,VLOOKUP($A6,入力シート!$A$7:$J$21,13,FALSE),IF($A5=$A6,VLOOKUP($A6,入力シート!$A$7:$J$21,11,FALSE),VLOOKUP($A6,入力シート!$A$7:$J$21,9,FALSE))))) -> #REF! | G6: =IF(ISBLANK($A6),0,IF($A3=$A6,VLOOKUP($A6,入力シート!$A$7:$J$21,14,FALSE),IF($A4=$A6,VLOOKUP($A6,入力シート!$A$7:$J$21,12,FALSE),IF($A5=$A6,VLOOKUP($A6,入力シート!$A$7:$J$21,10,FALSE),VLOOKUP($A6,入力シート!$A$7:$J$21,8,FALSE))))) -> #REF!
A7: 5 | B7: =IF(ISBLANK($A7),0,IF(A6=A7,0,VLOOKUP($A7,入力シート!$A$7:$J$21,3,FALSE))) -> #REF! | C7: =IF(ISBLANK($A7),0,IF($A6=$A7,0,VLOOKUP($A7,入力シート!$A$7:$J$21,4,FALSE))) -> #REF! | D7: =IF(ISBLANK($A7),0,IF($A6=$A7,0,VLOOKUP($A7,入力シート!$A$7:$J$21,6,FALSE))) -> #REF! | E7: =IF(ISBLANK($A7),0,IF($A6=$A7,0,VLOOKUP($A7,入力シート!$A$7:$J$21,7,FALSE))) -> #REF! | F7: =IF(ISBLANK($A7),0,IF($A4=$A7,VLOOKUP($A7,入力シート!$A$7:$J$21,15,FALSE),IF($A5=$A7,VLOOKUP($A7,入力シート!$A$7:$J$21,13,FALSE),IF($A6=$A7,VLOOKUP($A7,入力シート!$A$7:$J$21,11,FALSE),VLOOKUP($A7,入力シート!$A$7:$J$21,9,FALSE))))) -> #REF! | G7: =IF(ISBLANK($A7),0,IF($A4=$A7,VLOOKUP($A7,入力シート!$A$7:$J$21,14,FALSE),IF($A5=$A7,VLOOKUP($A7,入力シート!$A$7:$J$21,12,FALSE),IF($A6=$A7,VLOOKUP($A7,入力シート!$A$7:$J$21,10,FALSE),VLOOKUP($A7,入力シート!$A$7:$J$21,8,FALSE))))) -> #REF!
A8: 6 | B8: =IF(ISBLANK($A8),0,IF(A7=A8,0,VLOOKUP($A8,入力シート!$A$7:$J$21,3,FALSE))) -> #REF! | C8: =IF(ISBLANK($A8),0,IF($A7=$A8,0,VLOOKUP($A8,入力シート!$A$7:$J$21,4,FALSE))) -> #REF! | D8: =IF(ISBLANK($A8),0,IF($A7=$A8,0,VLOOKUP($A8,入力シート!$A$7:$J$21,6,FALSE))) -> #REF! | E8: =IF(ISBLANK($A8),0,IF($A7=$A8,0,VLOOKUP($A8,入力シート!$A$7:$J$21,7,FALSE))) -> #REF! | F8: =IF(ISBLANK($A8),0,IF($A5=$A8,VLOOKUP($A8,入力シート!$A$7:$J$21,15,FALSE),IF($A6=$A8,VLOOKUP($A8,入力シート!$A$7:$J$21,13,FALSE),IF($A7=$A8,VLOOKUP($A8,入力シート!$A$7:$J$21,11,FALSE),VLOOKUP($A8,入力シート!$A$7:$J$21,9,FALSE))))) -> #REF! | G8: =IF(ISBLANK($A8),0,IF($A5=$A8,VLOOKUP($A8,入力シート!$A$7:$J$21,14,FALSE),IF($A6=$A8,VLOOKUP($A8,入力シート!$A$7:$J$21,12,FALSE),IF($A7=$A8,VLOOKUP($A8,入力シート!$A$7:$J$21,10,FALSE),VLOOKUP($A8,入力シート!$A$7:$J$21,8,FALSE))))) -> #REF!
A9: 7 | B9: =IF(ISBLANK($A9),0,IF(A8=A9,0,VLOOKUP($A9,入力シート!$A$7:$J$21,3,FALSE))) -> 0 | C9: =IF(ISBLANK($A9),0,IF($A8=$A9,0,VLOOKUP($A9,入力シート!$A$7:$J$21,4,FALSE))) -> 0 | D9: =IF(ISBLANK($A9),0,IF($A8=$A9,0,VLOOKUP($A9,入力シート!$A$7:$J$21,6,FALSE))) -> 0 | E9: =IF(ISBLANK($A9),0,IF($A8=$A9,0,VLOOKUP($A9,入力シート!$A$7:$J$21,7,FALSE))) -> 0 | F9: =IF(ISBLANK($A9),0,IF($A6=$A9,VLOOKUP($A9,入力シート!$A$7:$J$21,15,FALSE),IF($A7=$A9,VLOOKUP($A9,入力シート!$A$7:$J$21,13,FALSE),IF($A8=$A9,VLOOKUP($A9,入力シート!$A$7:$J$21,11,FALSE),VLOOKUP($A9,入力シート!$A$7:$J$21,9,FALSE))))) -> 0 | G9: =IF(ISBLANK($A9),0,IF($A6=$A9,VLOOKUP($A9,入力シート!$A$7:$J$21,14,FALSE),IF($A7=$A9,VLOOKUP($A9,入力シート!$A$7:$J$21,12,FALSE),IF($A8=$A9,VLOOKUP($A9,入力シート!$A$7:$J$21,10,FALSE),VLOOKUP($A9,入力シート!$A$7:$J$21,8,FALSE))))) -> 0
A10: 8 | B10: =IF(ISBLANK($A10),0,IF(A9=A10,0,VLOOKUP($A10,入力シート!$A$7:$J$21,3,FALSE))) -> 0 | C10: =IF(ISBLANK($A10),0,IF($A9=$A10,0,VLOOKUP($A10,入力シート!$A$7:$J$21,4,FALSE))) -> 0 | D10: =IF(ISBLANK($A10),0,IF($A9=$A10,0,VLOOKUP($A10,入力シート!$A$7:$J$21,6,FALSE))) -> 0 | E10: =IF(ISBLANK($A10),0,IF($A9=$A10,0,VLOOKUP($A10,入力シート!$A$7:$J$21,7,FALSE))) -> 0 | F10: =IF(ISBLANK($A10),0,IF($A7=$A10,VLOOKUP($A10,入力シート!$A$7:$J$21,15,FALSE),IF($A8=$A10,VLOOKUP($A10,入力シート!$A$7:$J$21,13,FALSE),IF($A9=$A10,VLOOKUP($A10,入力シート!$A$7:$J$21,11,FALSE),VLOOKUP($A10,入力シート!$A$7:$J$21,9,FALSE))))) -> 0 | G10: =IF(ISBLANK($A10),0,IF($A7=$A10,VLOOKUP($A10,入力シート!$A$7:$J$21,14,FALSE),IF($A8=$A10,VLOOKUP($A10,入力シート!$A$7:$J$21,12,FALSE),IF($A9=$A10,VLOOKUP($A10,入力シート!$A$7:$J$21,10,FALSE),VLOOKUP($A10,入力シート!$A$7:$J$21,8,FALSE))))) -> 0
A11: 9 | B11: =IF(ISBLANK($A11),0,IF(A10=A11,0,VLOOKUP($A11,入力シート!$A$7:$J$21,3,FALSE))) -> 0 | C11: =IF(ISBLANK($A11),0,IF($A10=$A11,0,VLOOKUP($A11,入力シート!$A$7:$J$21,4,FALSE))) -> 0 | D11: =IF(ISBLANK($A11),0,IF($A10=$A11,0,VLOOKUP($A11,入力シート!$A$7:$J$21,6,FALSE))) -> 0 | E11: =IF(ISBLANK($A11),0,IF($A10=$A11,0,VLOOKUP($A11,入力シート!$A$7:$J$21,7,FALSE))) -> 0 | F11: =IF(ISBLANK($A11),0,IF($A8=$A11,VLOOKUP($A11,入力シート!$A$7:$J$21,15,FALSE),IF($A9=$A11,VLOOKUP($A11,入力シート!$A$7:$J$21,13,FALSE),IF($A10=$A11,VLOOKUP($A11,入力シート!$A$7:$J$21,11,FALSE),VLOOKUP($A11,入力シート!$A$7:$J$21,9,FALSE))))) -> 0 | G11: =IF(ISBLANK($A11),0,IF($A8=$A11,VLOOKUP($A11,入力シート!$A$7:$J$21,14,FALSE),IF($A9=$A11,VLOOKUP($A11,入力シート!$A$7:$J$21,12,FALSE),IF($A10=$A11,VLOOKUP($A11,入力シート!$A$7:$J$21,10,FALSE),VLOOKUP($A11,入力シート!$A$7:$J$21,8,FALSE))))) -> 0
A12: 10 | B12: =IF(ISBLANK($A12),0,IF(A11=A12,0,VLOOKUP($A12,入力シート!$A$7:$J$21,3,FALSE))) -> 0 | C12: =IF(ISBLANK($A12),0,IF($A11=$A12,0,VLOOKUP($A12,入力シート!$A$7:$J$21,4,FALSE))) -> 0 | D12: =IF(ISBLANK($A12),0,IF($A11=$A12,0,VLOOKUP($A12,入力シート!$A$7:$J$21,6,FALSE))) -> 0 | E12: =IF(ISBLANK($A12),0,IF($A11=$A12,0,VLOOKUP($A12,入力シート!$A$7:$J$21,7,FALSE))) -> 0 | F12: =IF(ISBLANK($A12),0,IF($A9=$A12,VLOOKUP($A12,入力シート!$A$7:$J$21,15,FALSE),IF($A10=$A12,VLOOKUP($A12,入力シート!$A$7:$J$21,13,FALSE),IF($A11=$A12,VLOOKUP($A12,入力シート!$A$7:$J$21,11,FALSE),VLOOKUP($A12,入力シート!$A$7:$J$21,9,FALSE))))) -> 0 | G12: =IF(ISBLANK($A12),0,IF($A9=$A12,VLOOKUP($A12,入力シート!$A$7:$J$21,14,FALSE),IF($A10=$A12,VLOOKUP($A12,入力シート!$A$7:$J$21,12,FALSE),IF($A11=$A12,VLOOKUP($A12,入力シート!$A$7:$J$21,10,FALSE),VLOOKUP($A12,入力シート!$A$7:$J$21,8,FALSE))))) -> 0
A13: 11 | B13: =IF(ISBLANK($A13),0,IF(A12=A13,0,VLOOKUP($A13,入力シート!$A$7:$J$21,3,FALSE))) -> 0 | C13: =IF(ISBLANK($A13),0,IF($A12=$A13,0,VLOOKUP($A13,入力シート!$A$7:$J$21,4,FALSE))) -> 0 | D13: =IF(ISBLANK($A13),0,IF($A12=$A13,0,VLOOKUP($A13,入力シート!$A$7:$J$21,6,FALSE))) -> 0 | E13: =IF(ISBLANK($A13),0,IF($A12=$A13,0,VLOOKUP($A13,入力シート!$A$7:$J$21,7,FALSE))) -> 0 | F13: =IF(ISBLANK($A13),0,IF($A10=$A13,VLOOKUP($A13,入力シート!$A$7:$J$21,15,FALSE),IF($A11=$A13,VLOOKUP($A13,入力シート!$A$7:$J$21,13,FALSE),IF($A12=$A13,VLOOKUP($A13,入力シート!$A$7:$J$21,11,FALSE),VLOOKUP($A13,入力シート!$A$7:$J$21,9,FALSE))))) -> 0 | G13: =IF(ISBLANK($A13),0,IF($A10=$A13,VLOOKUP($A13,入力シート!$A$7:$J$21,14,FALSE),IF($A11=$A13,VLOOKUP($A13,入力シート!$A$7:$J$21,12,FALSE),IF($A12=$A13,VLOOKUP($A13,入力シート!$A$7:$J$21,10,FALSE),VLOOKUP($A13,入力シート!$A$7:$J$21,8,FALSE))))) -> 0
A14: 12 | B14: =IF(ISBLANK($A14),0,IF(A13=A14,0,VLOOKUP($A14,入力シート!$A$7:$J$21,3,FALSE))) -> 0 | C14: =IF(ISBLANK($A14),0,IF($A13=$A14,0,VLOOKUP($A14,入力シート!$A$7:$J$21,4,FALSE))) -> 0 | D14: =IF(ISBLANK($A14),0,IF($A13=$A14,0,VLOOKUP($A14,入力シート!$A$7:$J$21,6,FALSE))) -> 0 | E14: =IF(ISBLANK($A14),0,IF($A13=$A14,0,VLOOKUP($A14,入力シート!$A$7:$J$21,7,FALSE))) -> 0 | F14: =IF(ISBLANK($A14),0,IF($A11=$A14,VLOOKUP($A14,入力シート!$A$7:$J$21,15,FALSE),IF($A12=$A14,VLOOKUP($A14,入力シート!$A$7:$J$21,13,FALSE),IF($A13=$A14,VLOOKUP($A14,入力シート!$A$7:$J$21,11,FALSE),VLOOKUP($A14,入力シート!$A$7:$J$21,9,FALSE))))) -> 0 | G14: =IF(ISBLANK($A14),0,IF($A11=$A14,VLOOKUP($A14,入力シート!$A$7:$J$21,14,FALSE),IF($A12=$A14,VLOOKUP($A14,入力シート!$A$7:$J$21,12,FALSE),IF($A13=$A14,VLOOKUP($A14,入力シート!$A$7:$J$21,10,FALSE),VLOOKUP($A14,入力シート!$A$7:$J$21,8,FALSE))))) -> 0
A15: 13 | B15: =IF(ISBLANK($A15),0,IF(A14=A15,0,VLOOKUP($A15,入力シート!$A$7:$J$21,3,FALSE))) -> 0 | C15: =IF(ISBLANK($A15),0,IF($A14=$A15,0,VLOOKUP($A15,入力シート!$A$7:$J$21,4,FALSE))) -> 0 | D15: =IF(ISBLANK($A15),0,IF($A14=$A15,0,VLOOKUP($A15,入力シート!$A$7:$J$21,6,FALSE))) -> 0 | E15: =IF(ISBLANK($A15),0,IF($A14=$A15,0,VLOOKUP($A15,入力シート!$A$7:$J$21,7,FALSE))) -> 0 | F15: =IF(ISBLANK($A15),0,IF($A12=$A15,VLOOKUP($A15,入力シート!$A$7:$J$21,15,FALSE),IF($A13=$A15,VLOOKUP($A15,入力シート!$A$7:$J$21,13,FALSE),IF($A14=$A15,VLOOKUP($A15,入力シート!$A$7:$J$21,11,FALSE),VLOOKUP($A15,入力シート!$A$7:$J$21,9,FALSE))))) -> 0 | G15: =IF(ISBLANK($A15),0,IF($A12=$A15,VLOOKUP($A15,入力シート!$A$7:$J$21,14,FALSE),IF($A13=$A15,VLOOKUP($A15,入力シート!$A$7:$J$21,12,FALSE),IF($A14=$A15,VLOOKUP($A15,入力シート!$A$7:$J$21,10,FALSE),VLOOKUP($A15,入力シート!$A$7:$J$21,8,FALSE))))) -> 0

Sheet 土地登記簿調書
C1: 土地登記簿調書
B2: 所在 | C2: =入力シート!C7 -> #REF! | G2: 令和１８年７月１３日現在 東京法務局港出張所
B3: 地番 | C3: 地目 | D3: 地積(㎡) | E3: 所有者住所 | F3: 所有者名 | G3: 摘要
A4: 1 | B4: =IF(ISBLANK($A4),0,VLOOKUP($A4,入力シート!$A$7:$J$21,4,FALSE)) -> #REF! | C4: =IF(ISBLANK($A4),0,VLOOKUP($A4,入力シート!$A$7:$J$21,6,FALSE)) -> #REF! | D4: =IF(ISBLANK(A4),0,VLOOKUP(A4,入力シート!$A$7:$J$21,7,FALSE)) -> #REF! | E4: =IF(ISBLANK($A4),0,VLOOKUP($A4,入力シート!$A$7:$J$21,8,FALSE)) -> #REF! | F4: =IF(ISBLANK($A4),0,VLOOKUP($A4,入力シート!$A$7:$J$21,9,FALSE)) -> #REF!
A5: 2 | B5: =IF(ISBLANK($A5),0,VLOOKUP($A5,入力シート!$A$7:$J$21,4,FALSE)) -> #REF! | C5: =IF(ISBLANK($A5),0,VLOOKUP($A5,入力シート!$A$7:$J$21,6,FALSE)) -> #REF! | D5: =IF(ISBLANK(A5),0,VLOOKUP(A5,入力シート!$A$7:$J$21,7,FALSE)) -> #REF! | E5: =IF(ISBLANK($A5),0,VLOOKUP($A5,入力シート!$A$7:$J$21,8,FALSE)) -> #REF! | F5: =IF(ISBLANK($A5),0,VLOOKUP($A5,入力シート!$A$7:$J$21,9,FALSE)) -> #REF!
A6: 3 | B6: =IF(ISBLANK($A6),0,VLOOKUP($A6,入力シート!$A$7:$J$21,4,FALSE)) -> #REF! | C6: =IF(ISBLANK($A6),0,VLOOKUP($A6,入力シート!$A$7:$J$21,6,FALSE)) -> #REF! | D6: =IF(ISBLANK(A6),0,VLOOKUP(A6,入力シート!$A$7:$J$21,7,FALSE)) -> #REF! | E6: =IF(ISBLANK($A6),0,VLOOKUP($A6,入力シート!$A$7:$J$21,8,FALSE)) -> #REF! | F6: =IF(ISBLANK($A6),0,VLOOKUP($A6,入力シート!$A$7:$J$21,9,FALSE)) -> #REF!
A7: 4 | B7: =IF(ISBLANK($A7),0,VLOOKUP($A7,入力シート!$A$7:$J$21,4,FALSE)) -> #REF! | C7: =IF(ISBLANK($A7),0,VLOOKUP($A7,入力シート!$A$7:$J$21,6,FALSE)) -> #REF! | D7: =IF(ISBLANK(A7),0,VLOOKUP(A7,入力シート!$A$7:$J$21,7,FALSE)) -> #REF! | E7: =IF(ISBLANK($A7),0,VLOOKUP($A7,入力シート!$A$7:$J$21,8,FALSE)) -> #REF! | F7: =IF(ISBLANK($A7),0,VLOOKUP($A7,入力シート!$A$7:$J$21,9,FALSE)) -> #REF!
A8: 5 | B8: =IF(ISBLANK($A8),0,VLOOKUP($A8,入力シート!$A$7:$J$21,4,FALSE)) -> #REF! | C8: =IF(ISBLANK($A8),0,VLOOKUP($A8,入力シート!$A$7:$J$21,6,FALSE)) -> #REF! | D8: =IF(ISBLANK(A8),0,VLOOKUP(A8,入力シート!$A$7:$J$21,7,FALSE)) -> #REF! | E8: =IF(ISBLANK($A8),0,VLOOKUP($A8,入力シート!$A$7:$J$21,8,FALSE)) -> #REF! | F8: =IF(ISBLANK($A8),0,VLOOKUP($A8,入力シート!$A$7:$J$21,9,FALSE)) -> #REF!
A9: 6 | B9: =IF(ISBLANK($A9),0,VLOOKUP($A9,入力シート!$A$7:$J$21,4,FALSE)) -> #REF! | C9: =IF(ISBLANK($A9),0,VLOOKUP($A9,入力シート!$A$7:$J$21,6,FALSE)) -> #REF! | D9: =IF(ISBLANK(A9),0,VLOOKUP(A9,入力シート!$A$7:$J$21,7,FALSE)) -> #REF! | E9: =IF(ISBLANK($A9),0,VLOOKUP($A9,入力シート!$A$7:$J$21,8,FALSE)) -> #REF! | F9: =IF(ISBLANK($A9),0,VLOOKUP($A9,入力シート!$A$7:$J$21,9,FALSE)) -> #REF!
A10: 7 | B10: =IF(ISBLANK($A10),0,VLOOKUP($A10,入力シート!$A$7:$J$21,4,FALSE)) -> 0 | C10: =IF(ISBLANK($A10),0,VLOOKUP($A10,入力シート!$A$7:$J$21,6,FALSE)) -> 0 | D10: =IF(ISBLANK(A10),0,VLOOKUP(A10,入力シート!$A$7:$J$21,7,FALSE)) -> 0 | E10: =IF(ISBLANK($A10),0,VLOOKUP($A10,入力シート!$A$7:$J$21,8,FALSE)) -> 0 | F10: =IF(ISBLANK($A10),0,VLOOKUP($A10,入力シート!$A$7:$J$21,9,FALSE)) -> 0
A11: 8 | B11: =IF(ISBLANK($A11),0,VLOOKUP($A11,入力シート!$A$7:$J$21,4,FALSE)) -> 0 | C11: =IF(ISBLANK($A11),0,VLOOKUP($A11,入力シート!$A$7:$J$21,6,FALSE)) -> 0 | D11: =IF(ISBLANK(A11),0,VLOOKUP(A11,入力シート!$A$7:$J$21,7,FALSE)) -> 0 | E11: =IF(ISBLANK($A11),0,VLOOKUP($A11,入力シート!$A$7:$J$21,8,FALSE)) -> 0 | F11: =IF(ISBLANK($A11),0,VLOOKUP($A11,入力シート!$A$7:$J$21,9,FALSE)) -> 0
A12: 9 | B12: =IF(ISBLANK($A12),0,VLOOKUP($A12,入力シート!$A$7:$J$21,4,FALSE)) -> 0 | C12: =IF(ISBLANK($A12),0,VLOOKUP($A12,入力シート!$A$7:$J$21,6,FALSE)) -> 0 | D12: =IF(ISBLANK(A12),0,VLOOKUP(A12,入力シート!$A$7:$J$21,7,FALSE)) -> 0 | E12: =IF(ISBLANK($A12),0,VLOOKUP($A12,入力シート!$A$7:$J$21,8,FALSE)) -> 0 | F12: =IF(ISBLANK($A12),0,VLOOKUP($A12,入力シート!$A$7:$J$21,9,FALSE)) -> 0
A13: 10 | B13: =IF(ISBLANK($A13),0,VLOOKUP($A13,入力シート!$A$7:$J$21,4,FALSE)) -> 0 | C13: =IF(ISBLANK($A13),0,VLOOKUP($A13,入力シート!$A$7:$J$21,6,FALSE)) -> 0 | D13: =IF(ISBLANK(A13),0,VLOOKUP(A13,入力シート!$A$7:$J$21,7,FALSE)) -> 0 | E13: =IF(ISBLANK($A13),0,VLOOKUP($A13,入力シート!$A$7:$J$21,8,FALSE)) -> 0 | F13: =IF(ISBLANK($A13),0,VLOOKUP($A13,入力シート!$A$7:$J$21,9,FALSE)) -> 0
A14: 11 | B14: =IF(ISBLANK($A14),0,VLOOKUP($A14,入力シート!$A$7:$J$21,4,FALSE)) -> 0 | C14: =IF(ISBLANK($A14),0,VLOOKUP($A14,入力シート!$A$7:$J$21,6,FALSE)) -> 0 | D14: =IF(ISBLANK(A14),0,VLOOKUP(A14,入力シート!$A$7:$J$21,7,FALSE)) -> 0 | E14: =IF(ISBLANK($A14),0,VLOOKUP($A14,入力シート!$A$7:$J$21,8,FALSE)) -> 0 | F14: =IF(ISBLANK($A14),0,VLOOKUP($A14,入力シート!$A$7:$J$21,9,FALSE)) -> 0

Sheet 土地所有者一覧表
C1: 土地所有者一覧表
B2: 所在 | C2: =入力シート!C7 -> #REF! | G2: 令和１８年７月１３日現在 東京法務局港出張所
B3: 地番 | C3: 地目 | D3: 地積(㎡) | E3: 所有者住所 | F3: 所有者名 | G3: 摘要
A4: 1 | B4: =IF(ISBLANK($A4),0,VLOOKUP($A4,入力シート!$A$7:$J$21,4,FALSE)) -> #REF! | C4: =IF(ISBLANK($A4),0,VLOOKUP($A4,入力シート!$A$7:$J$21,6,FALSE)) -> #REF! | D4: =IF(ISBLANK(A4),0,VLOOKUP(A4,入力シート!$A$7:$J$21,7,FALSE)) -> #REF! | E4: =IF(ISBLANK($A4),0,VLOOKUP($A4,入力シート!$A$7:$J$21,8,FALSE)) -> #REF! | F4: =IF(ISBLANK($A4),0,VLOOKUP($A4,入力シート!$A$7:$J$21,9,FALSE)) -> #REF!
A5: 2 | B5: =IF(ISBLANK($A5),0,VLOOKUP($A5,入力シート!$A$7:$J$21,4,FALSE)) -> #REF! | C5: =IF(ISBLANK($A5),0,VLOOKUP($A5,入力シート!$A$7:$J$21,6,FALSE)) -> #REF! | D5: =IF(ISBLANK(A5),0,VLOOKUP(A5,入力シート!$A$7:$J$21,7,FALSE)) -> #REF! | E5: =IF(ISBLANK($A5),0,VLOOKUP($A5,入力シート!$A$7:$J$21,8,FALSE)) -> #REF! | F5: =IF(ISBLANK($A5),0,VLOOKUP($A5,入力シート!$A$7:$J$21,9,FALSE)) -> #REF!
A6: 3 | B6: =IF(ISBLANK($A6),0,VLOOKUP($A6,入力シート!$A$7:$J$21,4,FALSE)) -> #REF! | C6: =IF(ISBLANK($A6),0,VLOOKUP($A6,入力シート!$A$7:$J$21,6,FALSE)) -> #REF! | D6: =IF(ISBLANK(A6),0,VLOOKUP(A6,入力シート!$A$7:$J$21,7,FALSE)) -> #REF! | E6: =IF(ISBLANK($A6),0,VLOOKUP($A6,入力シート!$A$7:$J$21,8,FALSE)) -> #REF! | F6: =IF(ISBLANK($A6),0,VLOOKUP($A6,入力シート!$A$7:$J$21,9,FALSE)) -> #REF!
A7: 4 | B7: =IF(ISBLANK($A7),0,VLOOKUP($A7,入力シート!$A$7:$J$21,4,FALSE)) -> #REF! | C7: =IF(ISBLANK($A7),0,VLOOKUP($A7,入力シート!$A$7:$J$21,6,FALSE)) -> #REF! | D7: =IF(ISBLANK(A7),0,VLOOKUP(A7,入力シート!$A$7:$J$21,7,FALSE)) -> #REF! | E7: =IF(ISBLANK($A7),0,VLOOKUP($A7,入力シート!$A$7:$J$21,8,FALSE)) -> #REF! | F7: =IF(ISBLANK($A7),0,VLOOKUP($A7,入力シート!$A$7:$J$21,9,FALSE)) -> #REF!
A8: 5 | B8: =IF(ISBLANK($A8),0,VLOOKUP($A8,入力シート!$A$7:$J$21,4,FALSE)) -> #REF! | C8: =IF(ISBLANK($A8),0,VLOOKUP($A8,入力シート!$A$7:$J$21,6,FALSE)) -> #REF! | D8: =IF(ISBLANK(A8),0,VLOOKUP(A8,入力シート!$A$7:$J$21,7,FALSE)) -> #REF! | E8: =IF(ISBLANK($A8),0,VLOOKUP($A8,入力シート!$A$7:$J$21,8,FALSE)) -> #REF! | F8: =IF(ISBLANK($A8),0,VLOOKUP($A8,入力シート!$A$7:$J$21,9,FALSE)) -> #REF!
A9: 6 | B9: =IF(ISBLANK($A9),0,VLOOKUP($A9,入力シート!$A$7:$J$21,4,FALSE)) -> #REF! | C9: =IF(ISBLANK($A9),0,VLOOKUP($A9,入力シート!$A$7:$J$21,6,FALSE)) -> #REF! | D9: =IF(ISBLANK(A9),0,VLOOKUP(A9,入力シート!$A$7:$J$21,7,FALSE)) -> #REF! | E9: =IF(ISBLANK($A9),0,VLOOKUP($A9,入力シート!$A$7:$J$21,8,FALSE)) -> #REF! | F9: =IF(ISBLANK($A9),0,VLOOKUP($A9,入力シート!$A$7:$J$21,9,FALSE)) -> #REF!
A10: 7 | B10: =IF(ISBLANK($A10),0,VLOOKUP($A10,入力シート!$A$7:$J$21,4,FALSE)) -> 0 | C10: =IF(ISBLANK($A10),0,VLOOKUP($A10,入力シート!$A$7:$J$21,6,FALSE)) -> 0 | D10: =IF(ISBLANK(A10),0,VLOOKUP(A10,入力シート!$A$7:$J$21,7,FALSE)) -> 0 | E10: =IF(ISBLANK($A10),0,VLOOKUP($A10,入力シート!$A$7:$J$21,8,FALSE)) -> 0 | F10: =IF(ISBLANK($A10),0,VLOOKUP($A10,入力シート!$A$7:$J$21,9,FALSE)) -> 0
A11: 8 | B11: =IF(ISBLANK($A11),0,VLOOKUP($A11,入力シート!$A$7:$J$21,4,FALSE)) -> 0 | C11: =IF(ISBLANK($A11),0,VLOOKUP($A11,入力シート!$A$7:$J$21,6,FALSE)) -> 0 | D11: =IF(ISBLANK(A11),0,VLOOKUP(A11,入力シート!$A$7:$J$21,7,FALSE)) -> 0 | E11: =IF(ISBLANK($A11),0,VLOOKUP($A11,入力シート!$A$7:$J$21,8,FALSE)) -> 0 | F11: =IF(ISBLANK($A11),0,VLOOKUP($A11,入力シート!$A$7:$J$21,9,FALSE)) -> 0
A12: 9 | B12: =IF(ISBLANK($A12),0,VLOOKUP($A12,入力シート!$A$7:$J$21,4,FALSE)) -> 0 | C12: =IF(ISBLANK($A12),0,VLOOKUP($A12,入力シート!$A$7:$J$21,6,FALSE)) -> 0 | D12: =IF(ISBLANK(A12),0,VLOOKUP(A12,入力シート!$A$7:$J$21,7,FALSE)) -> 0 | E12: =IF(ISBLANK($A12),0,VLOOKUP($A12,入力シート!$A$7:$J$21,8,FALSE)) -> 0 | F12: =IF(ISBLANK($A12),0,VLOOKUP($A12,入力シート!$A$7:$J$21,9,FALSE)) -> 0
A13: 10 | B13: =IF(ISBLANK($A13),0,VLOOKUP($A13,入力シート!$A$7:$J$21,4,FALSE)) -> 0 | C13: =IF(ISBLANK($A13),0,VLOOKUP($A13,入力シート!$A$7:$J$21,6,FALSE)) -> 0 | D13: =IF(ISBLANK(A13),0,VLOOKUP(A13,入力シート!$A$7:$J$21,7,FALSE)) -> 0 | E13: =IF(ISBLANK($A13),0,VLOOKUP($A13,入力シート!$A$7:$J$21,8,FALSE)) -> 0 | F13: =IF(ISBLANK($A13),0,VLOOKUP($A13,入力シート!$A$7:$J$21,9,FALSE)) -> 0
A14: 11 | B14: =IF(ISBLANK($A14),0,VLOOKUP($A14,入力シート!$A$7:$J$21,4,FALSE)) -> 0 | C14: =IF(ISBLANK($A14),0,VLOOKUP($A14,入力シート!$A$7:$J$21,6,FALSE)) -> 0 | D14: =IF(ISBLANK(A14),0,VLOOKUP(A14,入力シート!$A$7:$J$21,7,FALSE)) -> 0 | E14: =IF(ISBLANK($A14),0,VLOOKUP($A14,入力シート!$A$7:$J$21,8,FALSE)) -> 0 | F14: =IF(ISBLANK($A14),0,VLOOKUP($A14,入力シート!$A$7:$J$21,9,FALSE)) -> 0

Sheet 所有者調書(大田)
B1: 土 地 所 有 者 調 書
B3: 土地所在 | C3: 地番 | D3: 地目 | E3: 地積 | F3: 登記 年月日 | G3: 所有者名 | H3: 土地登記記録上の住所
H4: 住民登録してある住所
A5: 1 | B5: =IF(ISBLANK($A5), "", VLOOKUP($A5, 入力シート!$A$7:$J$1000, 3, FALSE)) -> #REF! | C5: =IF(ISBLANK($A5), "", VLOOKUP($A5, 入力シート!$A$7:$J$1000, 4, FALSE)) -> #REF! | D5: =IF(ISBLANK($A5), "", VLOOKUP($A5, 入力シート!$A$7:$J$1000, 6, FALSE)) -> #REF! | E5: =IF(ISBLANK($A5), "", VLOOKUP($A5, 入力シート!$A$7:$J$1000, 7, FALSE)) -> #REF! | F5: =IF(ISBLANK($A5), "", VLOOKUP($A5, 入力シート!$A$7:$J$1000, 10, FALSE)) -> #REF! | G5: =IF(ISBLANK($A5), "", VLOOKUP($A5, 入力シート!$A$7:$J$1000, 9, FALSE)) -> #REF! | H5: =IF(ISBLANK($A5), "", VLOOKUP($A5, 入力シート!$A$7:$J$1000, 8, FALSE)) -> #REF!
A7: 2 | B7: =IF(ISBLANK($A7), "", VLOOKUP($A7, 入力シート!$A$7:$J$1000, 3, FALSE)) -> #REF! | C7: =IF(ISBLANK($A7), "", VLOOKUP($A7, 入力シート!$A$7:$J$1000, 4, FALSE)) -> #REF! | D7: =IF(ISBLANK($A7), "", VLOOKUP($A7, 入力シート!$A$7:$J$1000, 6, FALSE)) -> #REF! | E7: =IF(ISBLANK($A7), "", VLOOKUP($A7, 入力シート!$A$7:$J$1000, 7, FALSE)) -> #REF! | F7: =IF(ISBLANK($A7), "", VLOOKUP($A7, 入力シート!$A$7:$J$1000, 10, FALSE)) -> #REF! | G7: =IF(ISBLANK($A7), "", VLOOKUP($A7, 入力シート!$A$7:$J$1000, 9, FALSE)) -> #REF! | H7: =IF(ISBLANK($A7), "", VLOOKUP($A7, 入力シート!$A$7:$J$1000, 8, FALSE)) -> #REF!
A9: 3 | B9: =IF(ISBLANK($A9), "", VLOOKUP($A9, 入力シート!$A$7:$J$1000, 3, FALSE)) -> #REF! | C9: =IF(ISBLANK($A9), "", VLOOKUP($A9, 入力シート!$A$7:$J$1000, 4, FALSE)) -> #REF! | D9: =IF(ISBLANK($A9), "", VLOOKUP($A9, 入力シート!$A$7:$J$1000, 6, FALSE)) -> #REF! | E9: =IF(ISBLANK($A9), "", VLOOKUP($A9, 入力シート!$A$7:$J$1000, 7, FALSE)) -> #REF! | F9: =IF(ISBLANK($A9), "", VLOOKUP($A9, 入力シート!$A$7:$J$1000, 10, FALSE)) -> #REF! | G9: =IF(ISBLANK($A9), "", VLOOKUP($A9, 入力シート!$A$7:$J$1000, 9, FALSE)) -> #REF! | H9: =IF(ISBLANK($A9), "", VLOOKUP($A9, 入力シート!$A$7:$J$1000, 8, FALSE)) -> #REF!
A11: 4 | B11: =IF(ISBLANK($A11), "", VLOOKUP($A11, 入力シート!$A$7:$J$1000, 3, FALSE)) -> #REF! | C11: =IF(ISBLANK($A11), "", VLOOKUP($A11, 入力シート!$A$7:$J$1000, 4, FALSE)) -> #REF! | D11: =IF(ISBLANK($A11), "", VLOOKUP($A11, 入力シート!$A$7:$J$1000, 6, FALSE)) -> #REF! | E11: =IF(ISBLANK($A11), "", VLOOKUP($A11, 入力シート!$A$7:$J$1000, 7, FALSE)) -> #REF! | F11: =IF(ISBLANK($A11), "", VLOOKUP($A11, 入力シート!$A$7:$J$1000, 10, FALSE)) -> #REF! | G11: =IF(ISBLANK($A11), "", VLOOKUP($A11, 入力シート!$A$7:$J$1000, 9, FALSE)) -> #REF! | H11: =IF(ISBLANK($A11), "", VLOOKUP($A11, 入力シート!$A$7:$J$1000, 8, FALSE)) -> #REF!
A13: 5 | B13: =IF(ISBLANK($A13), "", VLOOKUP($A13, 入力シート!$A$7:$J$1000, 3, FALSE)) -> #REF! | C13: =IF(ISBLANK($A13), "", VLOOKUP($A13, 入力シート!$A$7:$J$1000, 4, FALSE)) -> #REF! | D13: =IF(ISBLANK($A13), "", VLOOKUP($A13, 入力シート!$A$7:$J$1000, 6, FALSE)) -> #REF! | E13: =IF(ISBLANK($A13), "", VLOOKUP($A13, 入力シート!$A$7:$J$1000, 7, FALSE)) -> #REF! | F13: =IF(ISBLANK($A13), "", VLOOKUP($A13, 入力シート!$A$7:$J$1000, 10, FALSE)) -> #REF! | G13: =IF(ISBLANK($A13), "", VLOOKUP($A13, 入力シート!$A$7:$J$1000, 9, FALSE)) -> #REF! | H13: =IF(ISBLANK($A13), "", VLOOKUP($A13, 入力シート!$A$7:$J$1000, 8, FALSE)) -> #REF!
A15: 6 | B15: =IF(ISBLANK($A15), "", VLOOKUP($A15, 入力シート!$A$7:$J$1000, 3, FALSE)) -> #REF! | C15: =IF(ISBLANK($A15), "", VLOOKUP($A15, 入力シート!$A$7:$J$1000, 4, FALSE)) -> #REF! | D15: =IF(ISBLANK($A15), "", VLOOKUP($A15, 入力シート!$A$7:$J$1000, 6, FALSE)) -> #REF! | E15: =IF(ISBLANK($A15), "", VLOOKUP($A15, 入力シート!$A$7:$J$1000, 7, FALSE)) -> #REF! | F15: =IF(ISBLANK($A15), "", VLOOKUP($A15, 入力シート!$A$7:$J$1000, 10, FALSE)) -> #REF! | G15: =IF(ISBLANK($A15), "", VLOOKUP($A15, 入力シート!$A$7:$J$1000, 9, FALSE)) -> #REF! | H15: =IF(ISBLANK($A15), "", VLOOKUP($A15, 入力シート!$A$7:$J$1000, 8, FALSE)) -> #REF!
A17: 7 | B17: =IF(ISBLANK($A17), "", VLOOKUP($A17, 入力シート!$A$7:$J$1000, 3, FALSE)) -> 0 | C17: =IF(ISBLANK($A17), "", VLOOKUP($A17, 入力シート!$A$7:$J$1000, 4, FALSE)) -> 0 | D17: =IF(ISBLANK($A17), "", VLOOKUP($A17, 入力シート!$A$7:$J$1000, 6, FALSE)) -> 0 | E17: =IF(ISBLANK($A17), "", VLOOKUP($A17, 入力シート!$A$7:$J$1000, 7, FALSE)) -> 0 | F17: =IF(ISBLANK($A17), "", VLOOKUP($A17, 入力シート!$A$7:$J$1000, 10, FALSE)) -> 0 | G17: =IF(ISBLANK($A17), "", VLOOKUP($A17, 入力シート!$A$7:$J$1000, 9, FALSE)) -> 0 | H17: =IF(ISBLANK($A17), "", VLOOKUP($A17, 入力シート!$A$7:$J$1000, 8, FALSE)) -> 0
A19: 8 | B19: =IF(ISBLANK($A19), "", VLOOKUP($A19, 入力シート!$A$7:$J$1000, 3, FALSE)) -> 0 | C19: =IF(ISBLANK($A19), "", VLOOKUP($A19, 入力シート!$A$7:$J$1000, 4, FALSE)) -> 0 | D19: =IF(ISBLANK($A19), "", VLOOKUP($A19, 入力シート!$A$7:$J$1000, 6, FALSE)) -> 0 | E19: =IF(ISBLANK($A19), "", VLOOKUP($A19, 入力シート!$A$7:$J$1000, 7, FALSE)) -> 0 | F19: =IF(ISBLANK($A19), "", VLOOKUP($A19, 入力シート!$A$7:$J$1000, 10, FALSE)) -> 0 | G19: =IF(ISBLANK($A19), "", VLOOKUP($A19, 入力シート!$A$7:$J$1000, 9, FALSE)) -> 0 | H19: =IF(ISBLANK($A19), "", VLOOKUP($A19, 入力シート!$A$7:$J$1000, 8, FALSE)) -> 0
A21: 9 | B21: =IF(ISBLANK($A21), "", VLOOKUP($A21, 入力シート!$A$7:$J$1000, 3, FALSE)) -> 0 | C21: =IF(ISBLANK($A21), "", VLOOKUP($A21, 入力シート!$A$7:$J$1000, 4, FALSE)) -> 0 | D21: =IF(ISBLANK($A21), "", VLOOKUP($A21, 入力シート!$A$7:$J$1000, 6, FALSE)) -> 0 | E21: =IF(ISBLANK($A21), "", VLOOKUP($A21, 入力シート!$A$7:$J$1000, 7, FALSE)) -> 0 | F21: =IF(ISBLANK($A21), "", VLOOKUP($A21, 入力シート!$A$7:$J$1000, 10, FALSE)) -> 0 | G21: =IF(ISBLANK($A21), "", VLOOKUP($A21, 入力シート!$A$7:$J$1000, 9, FALSE)) -> 0 | H21: =IF(ISBLANK($A21), "", VLOOKUP($A21, 入力シート!$A$7:$J$1000, 8, FALSE)) -> 0
A23: 10 | B23: =IF(ISBLANK($A23), "", VLOOKUP($A23, 入力シート!$A$7:$J$1000, 3, FALSE)) -> 0 | C23: =IF(ISBLANK($A23), "", VLOOKUP($A23, 入力シート!$A$7:$J$1000, 4, FALSE)) -> 0 | D23: =IF(ISBLANK($A23), "", VLOOKUP($A23, 入力シート!$A$7:$J$1000, 6, FALSE)) -> 0 | E23: =IF(ISBLANK($A23), "", VLOOKUP($A23, 入力シート!$A$7:$J$1000, 7, FALSE)) -> 0 | F23: =IF(ISBLANK($A23), "", VLOOKUP($A23, 入力シート!$A$7:$J$1000, 10, FALSE)) -> 0 | G23: =IF(ISBLANK($A23), "", VLOOKUP($A23, 入力シート!$A$7:$J$1000, 9, FALSE)) -> 0 | H23: =IF(ISBLANK($A23), "", VLOOKUP($A23, 入力シート!$A$7:$J$1000, 8, FALSE)) -> 0
A25: 11 | B25: =IF(ISBLANK($A25), "", VLOOKUP($A25, 入力シート!$A$7:$J$1000, 3, FALSE)) -> 0 | C25: =IF(ISBLANK($A25), "", VLOOKUP($A25, 入力シート!$A$7:$J$1000, 4, FALSE)) -> 0 | D25: =IF(ISBLANK($A25), "", VLOOKUP($A25, 入力シート!$A$7:$J$1000, 6, FALSE)) -> 0 | E25: =IF(ISBLANK($A25), "", VLOOKUP($A25, 入力シート!$A$7:$J$1000, 7, FALSE)) -> 0 | F25: =IF(ISBLANK($A25), "", VLOOKUP($A25, 入力シート!$A$7:$J$1000, 10, FALSE)) -> 0 | G25: =IF(ISBLANK($A25), "", VLOOKUP($A25, 入力シート!$A$7:$J$1000, 9, FALSE)) -> 0 | H25: =IF(ISBLANK($A25), "", VLOOKUP($A25, 入力シート!$A$7:$J$1000, 8, FALSE)) -> 0
A27: 12 | B27: =IF(ISBLANK($A27), "", VLOOKUP($A27, 入力シート!$A$7:$J$1000, 3, FALSE)) -> 0 | C27: =IF(ISBLANK($A27), "", VLOOKUP($A27, 入力シート!$A$7:$J$1000, 4, FALSE)) -> 0 | D27: =IF(ISBLANK($A27), "", VLOOKUP($A27, 入力シート!$A$7:$J$1000, 6, FALSE)) -> 0 | E27: =IF(ISBLANK($A27), "", VLOOKUP($A27, 入力シート!$A$7:$J$1000, 7, FALSE)) -> 0 | F27: =IF(ISBLANK($A27), "", VLOOKUP($A27, 入力シート!$A$7:$J$1000, 10, FALSE)) -> 0 | G27: =IF(ISBLANK($A27), "", VLOOKUP($A27, 入力シート!$A$7:$J$1000, 9, FALSE)) -> 0 | H27: =IF(ISBLANK($A27), "", VLOOKUP($A27, 入力シート!$A$7:$J$1000, 8, FALSE)) -> 0
... A31: 14 | B31: =IF(ISBLANK($A31), "", VLOOKUP($A31, 入力シート!$A$7:$J$1000, 3, FALSE)) -> 0 | C31: =IF(ISBLANK($A31), "", VLOOKUP($A31, 入力シート!$A$7:$J$1000, 4, FALSE)) -> 0 | D31: =IF(ISBLANK($A31), "", VLOOKUP($A31, 入力シート!$A$7:$J$1000, 6, FALSE)) -> 0 | E31: =IF(ISBLANK($A31), "", VLOOKUP($A31, 入力シート!$A$7:$J$1000, 7, FALSE)) -> 0 | F31: =IF(ISBLANK($A31), "", VLOOKUP($A31, 入力シート!$A$7:$J$1000, 10, FALSE)) -> 0 | G31: =IF(ISBLANK($A31), "", VLOOKUP($A31, 入力シート!$A$7:$J$1000, 9, FALSE)) -> 0 | H31: =IF(ISBLANK($A31), "", VLOOKUP($A31, 入力シート!$A$7:$J$1000, 8, FALSE)) -> 0

Sheet 所有者調書(板橋)
B1: 土 地 所 有 者 調 書
C2: =TODAY() -> 45779 | F2: 調査・作成者氏名 岡藤央樹 印
B3: 土地所在 | C3: 地番 | D3: 地目 | E3: 地積 | F3: 登記 年月日 | G3: 所有者名 | H3: 土地登記簿の住所
H4: 住民登録してある住所
A5: 1 | B5: =IF(ISBLANK($A5), "", VLOOKUP($A5, 入力シート!$A$7:$J$1000, 3, FALSE)) -> #REF! | C5: =IF(ISBLANK($A5), "", VLOOKUP($A5, 入力シート!$A$7:$J$1000, 4, FALSE)) -> #REF! | D5: =IF(ISBLANK($A5), "", VLOOKUP($A5, 入力シート!$A$7:$J$1000, 6, FALSE)) -> #REF! | E5: =IF(ISBLANK($A5), "", VLOOKUP($A5, 入力シート!$A$7:$J$1000, 7, FALSE)) -> #REF! | F5: =IF(ISBLANK($A5), "", VLOOKUP($A5, 入力シート!$A$7:$J$1000, 10, FALSE)) -> #REF! | G5: =IF(ISBLANK($A5), "", VLOOKUP($A5, 入力シート!$A$7:$J$1000, 9, FALSE)) -> #REF! | H5: =IF(ISBLANK($A5), "", VLOOKUP($A5, 入力シート!$A$7:$J$1000, 8, FALSE)) -> #REF!
A7: 2 | B7: =IF(ISBLANK($A7), "", VLOOKUP($A7, 入力シート!$A$7:$J$1000, 3, FALSE)) -> #REF! | C7: =IF(ISBLANK($A7), "", VLOOKUP($A7, 入力シート!$A$7:$J$1000, 4, FALSE)) -> #REF! | D7: =IF(ISBLANK($A7), "", VLOOKUP($A7, 入力シート!$A$7:$J$1000, 6, FALSE)) -> #REF! | E7: =IF(ISBLANK($A7), "", VLOOKUP($A7, 入力シート!$A$7:$J$1000, 7, FALSE)) -> #REF! | F7: =IF(ISBLANK($A7), "", VLOOKUP($A7, 入力シート!$A$7:$J$1000, 10, FALSE)) -> #REF! | G7: =IF(ISBLANK($A7), "", VLOOKUP($A7, 入力シート!$A$7:$J$1000, 9, FALSE)) -> #REF! | H7: =IF(ISBLANK($A7), "", VLOOKUP($A7, 入力シート!$A$7:$J$1000, 8, FALSE)) -> #REF!
A9: 3 | B9: =IF(ISBLANK($A9), "", VLOOKUP($A9, 入力シート!$A$7:$J$1000, 3, FALSE)) -> #REF! | C9: =IF(ISBLANK($A9), "", VLOOKUP($A9, 入力シート!$A$7:$J$1000, 4, FALSE)) -> #REF! | D9: =IF(ISBLANK($A9), "", VLOOKUP($A9, 入力シート!$A$7:$J$1000, 6, FALSE)) -> #REF! | E9: =IF(ISBLANK($A9), "", VLOOKUP($A9, 入力シート!$A$7:$J$1000, 7, FALSE)) -> #REF! | F9: =IF(ISBLANK($A9), "", VLOOKUP($A9, 入力シート!$A$7:$J$1000, 10, FALSE)) -> #REF! | G9: =IF(ISBLANK($A9), "", VLOOKUP($A9, 入力シート!$A$7:$J$1000, 9, FALSE)) -> #REF! | H9: =IF(ISBLANK($A9), "", VLOOKUP($A9, 入力シート!$A$7:$J$1000, 8, FALSE)) -> #REF!
A11: 4 | B11: =IF(ISBLANK($A11), "", VLOOKUP($A11, 入力シート!$A$7:$J$1000, 3, FALSE)) -> #REF! | C11: =IF(ISBLANK($A11), "", VLOOKUP($A11, 入力シート!$A$7:$J$1000, 4, FALSE)) -> #REF! | D11: =IF(ISBLANK($A11), "", VLOOKUP($A11, 入力シート!$A$7:$J$1000, 6, FALSE)) -> #REF! | E11: =IF(ISBLANK($A11), "", VLOOKUP($A11, 入力シート!$A$7:$J$1000, 7, FALSE)) -> #REF! | F11: =IF(ISBLANK($A11), "", VLOOKUP($A11, 入力シート!$A$7:$J$1000, 10, FALSE)) -> #REF! | G11: =IF(ISBLANK($A11), "", VLOOKUP($A11, 入力シート!$A$7:$J$1000, 9, FALSE)) -> #REF! | H11: =IF(ISBLANK($A11), "", VLOOKUP($A11, 入力シート!$A$7:$J$1000, 8, FALSE)) -> #REF!
A13: 5 | B13: =IF(ISBLANK($A13), "", VLOOKUP($A13, 入力シート!$A$7:$J$1000, 3, FALSE)) -> #REF! | C13: =IF(ISBLANK($A13), "", VLOOKUP($A13, 入力シート!$A$7:$J$1000, 4, FALSE)) -> #REF! | D13: =IF(ISBLANK($A13), "", VLOOKUP($A13, 入力シート!$A$7:$J$1000, 6, FALSE)) -> #REF! | E13: =IF(ISBLANK($A13), "", VLOOKUP($A13, 入力シート!$A$7:$J$1000, 7, FALSE)) -> #REF! | F13: =IF(ISBLANK($A13), "", VLOOKUP($A13, 入力シート!$A$7:$J$1000, 10, FALSE)) -> #REF! | G13: =IF(ISBLANK($A13), "", VLOOKUP($A13, 入力シート!$A$7:$J$1000, 9, FALSE)) -> #REF! | H13: =IF(ISBLANK($A13), "", VLOOKUP($A13, 入力シート!$A$7:$J$1000, 8, FALSE)) -> #REF!
A15: 6 | B15: =IF(ISBLANK($A15), "", VLOOKUP($A15, 入力シート!$A$7:$J$1000, 3, FALSE)) -> #REF! | C15: =IF(ISBLANK($A15), "", VLOOKUP($A15, 入力シート!$A$7:$J$1000, 4, FALSE)) -> #REF! | D15: =IF(ISBLANK($A15), "", VLOOKUP($A15, 入力シート!$A$7:$J$1000, 6, FALSE)) -> #REF! | E15: =IF(ISBLANK($A15), "", VLOOKUP($A15, 入力シート!$A$7:$J$1000, 7, FALSE)) -> #REF! | F15: =IF(ISBLANK($A15), "", VLOOKUP($A15, 入力シート!$A$7:$J$1000, 10, FALSE)) -> #REF! | G15: =IF(ISBLANK($A15), "", VLOOKUP($A15, 入力シート!$A$7:$J$1000, 9, FALSE)) -> #REF! | H15: =IF(ISBLANK($A15), "", VLOOKUP($A15, 入力シート!$A$7:$J$1000, 8, FALSE)) -> #REF!
A17: 7 | B17: =IF(ISBLANK($A17), "", VLOOKUP($A17, 入力シート!$A$7:$J$1000, 3, FALSE)) -> 0 | C17: =IF(ISBLANK($A17), "", VLOOKUP($A17, 入力シート!$A$7:$J$1000, 4, FALSE)) -> 0 | D17: =IF(ISBLANK($A17), "", VLOOKUP($A17, 入力シート!$A$7:$J$1000, 6, FALSE)) -> 0 | E17: =IF(ISBLANK($A17), "", VLOOKUP($A17, 入力シート!$A$7:$J$1000, 7, FALSE)) -> 0 | F17: =IF(ISBLANK($A17), "", VLOOKUP($A17, 入力シート!$A$7:$J$1000, 10, FALSE)) -> 0 | G17: =IF(ISBLANK($A17), "", VLOOKUP($A17, 入力シート!$A$7:$J$1000, 9, FALSE)) -> 0 | H17: =IF(ISBLANK($A17), "", VLOOKUP($A17, 入力シート!$A$7:$J$1000, 8, FALSE)) -> 0
A19: 8 | B19: =IF(ISBLANK($A19), "", VLOOKUP($A19, 入力シート!$A$7:$J$1000, 3, FALSE)) -> 0 | C19: =IF(ISBLANK($A19), "", VLOOKUP($A19, 入力シート!$A$7:$J$1000, 4, FALSE)) -> 0 | D19: =IF(ISBLANK($A19), "", VLOOKUP($A19, 入力シート!$A$7:$J$1000, 6, FALSE)) -> 0 | E19: =IF(ISBLANK($A19), "", VLOOKUP($A19, 入力シート!$A$7:$J$1000, 7, FALSE)) -> 0 | F19: =IF(ISBLANK($A19), "", VLOOKUP($A19, 入力シート!$A$7:$J$1000, 10, FALSE)) -> 0 | G19: =IF(ISBLANK($A19), "", VLOOKUP($A19, 入力シート!$A$7:$J$1000, 9, FALSE)) -> 0 | H19: =IF(ISBLANK($A19), "", VLOOKUP($A19, 入力シート!$A$7:$J$1000, 8, FALSE)) -> 0
A21: 9 | B21: =IF(ISBLANK($A21), "", VLOOKUP($A21, 入力シート!$A$7:$J$1000, 3, FALSE)) -> 0 | C21: =IF(ISBLANK($A21), "", VLOOKUP($A21, 入力シート!$A$7:$J$1000, 4, FALSE)) -> 0 | D21: =IF(ISBLANK($A21), "", VLOOKUP($A21, 入力シート!$A$7:$J$1000, 6, FALSE)) -> 0 | E21: =IF(ISBLANK($A21), "", VLOOKUP($A21, 入力シート!$A$7:$J$1000, 7, FALSE)) -> 0 | F21: =IF(ISBLANK($A21), "", VLOOKUP($A21, 入力シート!$A$7:$J$1000, 10, FALSE)) -> 0 | G21: =IF(ISBLANK($A21), "", VLOOKUP($A21, 入力シート!$A$7:$J$1000, 9, FALSE)) -> 0 | H21: =IF(ISBLANK($A21), "", VLOOKUP($A21, 入力シート!$A$7:$J$1000, 8, FALSE)) -> 0
A23: 10 | B23: =IF(ISBLANK($A23), "", VLOOKUP($A23, 入力シート!$A$7:$J$1000, 3, FALSE)) -> 0 | C23: =IF(ISBLANK($A23), "", VLOOKUP($A23, 入力シート!$A$7:$J$1000, 4, FALSE)) -> 0 | D23: =IF(ISBLANK($A23), "", VLOOKUP($A23, 入力シート!$A$7:$J$1000, 6, FALSE)) -> 0 | E23: =IF(ISBLANK($A23), "", VLOOKUP($A23, 入力シート!$A$7:$J$1000, 7, FALSE)) -> 0 | F23: =IF(ISBLANK($A23), "", VLOOKUP($A23, 入力シート!$A$7:$J$1000, 10, FALSE)) -> 0 | G23: =IF(ISBLANK($A23), "", VLOOKUP($A23, 入力シート!$A$7:$J$1000, 9, FALSE)) -> 0 | H23: =IF(ISBLANK($A23), "", VLOOKUP($A23, 入力シート!$A$7:$J$1000, 8, FALSE)) -> 0
A25: 11 | B25: =IF(ISBLANK($A25), "", VLOOKUP($A25, 入力シート!$A$7:$J$1000, 3, FALSE)) -> 0 | C25: =IF(ISBLANK($A25), "", VLOOKUP($A25, 入力シート!$A$7:$J$1000, 4, FALSE)) -> 0 | D25: =IF(ISBLANK($A25), "", VLOOKUP($A25, 入力シート!$A$7:$J$1000, 6, FALSE)) -> 0 | E25: =IF(ISBLANK($A25), "", VLOOKUP($A25, 入力シート!$A$7:$J$1000, 7, FALSE)) -> 0 | F25: =IF(ISBLANK($A25), "", VLOOKUP($A25, 入力シート!$A$7:$J$1000, 10, FALSE)) -> 0 | G25: =IF(ISBLANK($A25), "", VLOOKUP($A25, 入力シート!$A$7:$J$1000, 9, FALSE)) -> 0 | H25: =IF(ISBLANK($A25), "", VLOOKUP($A25, 入力シート!$A$7:$J$1000, 8, FALSE)) -> 0
A27: 12 | B27: =IF(ISBLANK($A27), "", VLOOKUP($A27, 入力シート!$A$7:$J$1000, 3, FALSE)) -> 0 | C27: =IF(ISBLANK($A27), "", VLOOKUP($A27, 入力シート!$A$7:$J$1000, 4, FALSE)) -> 0 | D27: =IF(ISBLANK($A27), "", VLOOKUP($A27, 入力シート!$A$7:$J$1000, 6, FALSE)) -> 0 | E27: =IF(ISBLANK($A27), "", VLOOKUP($A27, 入力シート!$A$7:$J$1000, 7, FALSE)) -> 0 | F27: =IF(ISBLANK($A27), "", VLOOKUP($A27, 入力シート!$A$7:$J$1000, 10, FALSE)) -> 0 | G27: =IF(ISBLANK($A27), "", VLOOKUP($A27, 入力シート!$A$7:$J$1000, 9, FALSE)) -> 0 | H27: =IF(ISBLANK($A27), "", VLOOKUP($A27, 入力シート!$A$7:$J$1000, 8, FALSE)) -> 0
... A31: 14 | B31: =IF(ISBLANK($A31), "", VLOOKUP($A31, 入力シート!$A$7:$J$1000, 3, FALSE)) -> 0 | C31: =IF(ISBLANK($A31), "", VLOOKUP($A31, 入力シート!$A$7:$J$1000, 4, FALSE)) -> 0 | D31: =IF(ISBLANK($A31), "", VLOOKUP($A31, 入力シート!$A$7:$J$1000, 6, FALSE)) -> 0 | E31: =IF(ISBLANK($A31), "", VLOOKUP($A31, 入力シート!$A$7:$J$1000, 7, FALSE)) -> 0 | F31: =IF(ISBLANK($A31), "", VLOOKUP($A31, 入力シート!$A$7:$J$1000, 10, FALSE)) -> 0 | G31: =IF(ISBLANK($A31), "", VLOOKUP($A31, 入力シート!$A$7:$J$1000, 9, FALSE)) -> 0 | H31: =IF(ISBLANK($A31), "", VLOOKUP($A31, 入力シート!$A$7:$J$1000, 8, FALSE)) -> 0

Sheet 所有者調書(北)
B1: 土 地 所 有 者 調 書
B3: 土地所在 | C3: 地番 | D3: 地目 | E3: 地積 | F3: 登記 年月日 | G3: 所有者名 | H3: 登記事項証明書(土地)等の住所
H4: 住民登録の住所
A5: 1 | B5: =IF(ISBLANK($A5), "", VLOOKUP($A5, 入力シート!$A$7:$J$1000, 3, FALSE)) -> #REF! | C5: =IF(ISBLANK($A5), "", VLOOKUP($A5, 入力シート!$A$7:$J$1000, 4, FALSE)) -> #REF! | D5: =IF(ISBLANK($A5), "", VLOOKUP($A5, 入力シート!$A$7:$J$1000, 6, FALSE)) -> #REF! | E5: =IF(ISBLANK($A5), "", VLOOKUP($A5, 入力シート!$A$7:$J$1000, 7, FALSE)) -> #REF! | F5: =IF(ISBLANK($A5), "", VLOOKUP($A5, 入力シート!$A$7:$J$1000, 10, FALSE)) -> #REF! | G5: =IF(ISBLANK($A5), "", VLOOKUP($A5, 入力シート!$A$7:$J$1000, 9, FALSE)) -> #REF! | H5: =IF(ISBLANK($A5), "", VLOOKUP($A5, 入力シート!$A$7:$J$1000, 8, FALSE)) -> #REF!
A7: 2 | B7: =IF(ISBLANK($A7), "", VLOOKUP($A7, 入力シート!$A$7:$J$1000, 3, FALSE)) -> #REF! | C7: =IF(ISBLANK($A7), "", VLOOKUP($A7, 入力シート!$A$7:$J$1000, 4, FALSE)) -> #REF! | D7: =IF(ISBLANK($A7), "", VLOOKUP($A7, 入力シート!$A$7:$J$1000, 6, FALSE)) -> #REF! | E7: =IF(ISBLANK($A7), "", VLOOKUP($A7, 入力シート!$A$7:$J$1000, 7, FALSE)) -> #REF! | F7: =IF(ISBLANK($A7), "", VLOOKUP($A7, 入力シート!$A$7:$J$1000, 10, FALSE)) -> #REF! | G7: =IF(ISBLANK($A7), "", VLOOKUP($A7, 入力シート!$A$7:$J$1000, 9, FALSE)) -> #REF! | H7: =IF(ISBLANK($A7), "", VLOOKUP($A7, 入力シート!$A$7:$J$1000, 8, FALSE)) -> #REF!
A9: 3 | B9: =IF(ISBLANK($A9), "", VLOOKUP($A9, 入力シート!$A$7:$J$1000, 3, FALSE)) -> #REF! | C9: =IF(ISBLANK($A9), "", VLOOKUP($A9, 入力シート!$A$7:$J$1000, 4, FALSE)) -> #REF! | D9: =IF(ISBLANK($A9), "", VLOOKUP($A9, 入力シート!$A$7:$J$1000, 6, FALSE)) -> #REF! | E9: =IF(ISBLANK($A9), "", VLOOKUP($A9, 入力シート!$A$7:$J$1000, 7, FALSE)) -> #REF! | F9: =IF(ISBLANK($A9), "", VLOOKUP($A9, 入力シート!$A$7:$J$1000, 10, FALSE)) -> #REF! | G9: =IF(ISBLANK($A9), "", VLOOKUP($A9, 入力シート!$A$7:$J$1000, 9, FALSE)) -> #REF! | H9: =IF(ISBLANK($A9), "", VLOOKUP($A9, 入力シート!$A$7:$J$1000, 8, FALSE)) -> #REF!
A11: 4 | B11: =IF(ISBLANK($A11), "", VLOOKUP($A11, 入力シート!$A$7:$J$1000, 3, FALSE)) -> #REF! | C11: =IF(ISBLANK($A11), "", VLOOKUP($A11, 入力シート!$A$7:$J$1000, 4, FALSE)) -> #REF! | D11: =IF(ISBLANK($A11), "", VLOOKUP($A11, 入力シート!$A$7:$J$1000, 6, FALSE)) -> #REF! | E11: =IF(ISBLANK($A11), "", VLOOKUP($A11, 入力シート!$A$7:$J$1000, 7, FALSE)) -> #REF! | F11: =IF(ISBLANK($A11), "", VLOOKUP($A11, 入力シート!$A$7:$J$1000, 10, FALSE)) -> #REF! | G11: =IF(ISBLANK($A11), "", VLOOKUP($A11, 入力シート!$A$7:$J$1000, 9, FALSE)) -> #REF! | H11: =IF(ISBLANK($A11), "", VLOOKUP($A11, 入力シート!$A$7:$J$1000, 8, FALSE)) -> #REF!
A13: 5 | B13: =IF(ISBLANK($A13), "", VLOOKUP($A13, 入力シート!$A$7:$J$1000, 3, FALSE)) -> #REF! | C13: =IF(ISBLANK($A13), "", VLOOKUP($A13, 入力シート!$A$7:$J$1000, 4, FALSE)) -> #REF! | D13: =IF(ISBLANK($A13), "", VLOOKUP($A13, 入力シート!$A$7:$J$1000, 6, FALSE)) -> #REF! | E13: =IF(ISBLANK($A13), "", VLOOKUP($A13, 入力シート!$A$7:$J$1000, 7, FALSE)) -> #REF! | F13: =IF(ISBLANK($A13), "", VLOOKUP($A13, 入力シート!$A$7:$J$1000, 10, FALSE)) -> #REF! | G13: =IF(ISBLANK($A13), "", VLOOKUP($A13, 入力シート!$A$7:$J$1000, 9, FALSE)) -> #REF! | H13: =IF(ISBLANK($A13), "", VLOOKUP($A13, 入力シート!$A$7:$J$1000, 8, FALSE)) -> #REF!
A15: 6 | B15: =IF(ISBLANK($A15), "", VLOOKUP($A15, 入力シート!$A$7:$J$1000, 3, FALSE)) -> #REF! | C15: =IF(ISBLANK($A15), "", VLOOKUP($A15, 入力シート!$A$7:$J$1000, 4, FALSE)) -> #REF! | D15: =IF(ISBLANK($A15), "", VLOOKUP($A15, 入力シート!$A$7:$J$1000, 6, FALSE)) -> #REF! | E15: =IF(ISBLANK($A15), "", VLOOKUP($A15, 入力シート!$A$7:$J$1000, 7, FALSE)) -> #REF! | F15: =IF(ISBLANK($A15), "", VLOOKUP($A15, 入力シート!$A$7:$J$1000, 10, FALSE)) -> #REF! | G15: =IF(ISBLANK($A15), "", VLOOKUP($A15, 入力シート!$A$7:$J$1000, 9, FALSE)) -> #REF! | H15: =IF(ISBLANK($A15), "", VLOOKUP($A15, 入力シート!$A$7:$J$1000, 8, FALSE)) -> #REF!
A17: 7 | B17: =IF(ISBLANK($A17), "", VLOOKUP($A17, 入力シート!$A$7:$J$1000, 3, FALSE)) -> 0 | C17: =IF(ISBLANK($A17), "", VLOOKUP($A17, 入力シート!$A$7:$J$1000, 4, FALSE)) -> 0 | D17: =IF(ISBLANK($A17), "", VLOOKUP($A17, 入力シート!$A$7:$J$1000, 6, FALSE)) -> 0 | E17: =IF(ISBLANK($A17), "", VLOOKUP($A17, 入力シート!$A$7:$J$1000, 7, FALSE)) -> 0 | F17: =IF(ISBLANK($A17), "", VLOOKUP($A17, 入力シート!$A$7:$J$1000, 10, FALSE)) -> 0 | G17: =IF(ISBLANK($A17), "", VLOOKUP($A17, 入力シート!$A$7:$J$1000, 9, FALSE)) -> 0 | H17: =IF(ISBLANK($A17), "", VLOOKUP($A17, 入力シート!$A$7:$J$1000, 8, FALSE)) -> 0
A19: 8 | B19: =IF(ISBLANK($A19), "", VLOOKUP($A19, 入力シート!$A$7:$J$1000, 3, FALSE)) -> 0 | C19: =IF(ISBLANK($A19), "", VLOOKUP($A19, 入力シート!$A$7:$J$1000, 4, FALSE)) -> 0 | D19: =IF(ISBLANK($A19), "", VLOOKUP($A19, 入力シート!$A$7:$J$1000, 6, FALSE)) -> 0 | E19: =IF(ISBLANK($A19), "", VLOOKUP($A19, 入力シート!$A$7:$J$1000, 7, FALSE)) -> 0 | F19: =IF(ISBLANK($A19), "", VLOOKUP($A19, 入力シート!$A$7:$J$1000, 10, FALSE)) -> 0 | G19: =IF(ISBLANK($A19), "", VLOOKUP($A19, 入力シート!$A$7:$J$1000, 9, FALSE)) -> 0 | H19: =IF(ISBLANK($A19), "", VLOOKUP($A19, 入力シート!$A$7:$J$1000, 8, FALSE)) -> 0
A21: 9 | B21: =IF(ISBLANK($A21), "", VLOOKUP($A21, 入力シート!$A$7:$J$1000, 3, FALSE)) -> 0 | C21: =IF(ISBLANK($A21), "", VLOOKUP($A21, 入力シート!$A$7:$J$1000, 4, FALSE)) -> 0 | D21: =IF(ISBLANK($A21), "", VLOOKUP($A21, 入力シート!$A$7:$J$1000, 6, FALSE)) -> 0 | E21: =IF(ISBLANK($A21), "", VLOOKUP($A21, 入力シート!$A$7:$J$1000, 7, FALSE)) -> 0 | F21: =IF(ISBLANK($A21), "", VLOOKUP($A21, 入力シート!$A$7:$J$1000, 10, FALSE)) -> 0 | G21: =IF(ISBLANK($A21), "", VLOOKUP($A21, 入力シート!$A$7:$J$1000, 9, FALSE)) -> 0 | H21: =IF(ISBLANK($A21), "", VLOOKUP($A21, 入力シート!$A$7:$J$1000, 8, FALSE)) -> 0
A23: 10 | B23: =IF(ISBLANK($A23), "", VLOOKUP($A23, 入力シート!$A$7:$J$1000, 3, FALSE)) -> 0 | C23: =IF(ISBLANK($A23), "", VLOOKUP($A23, 入力シート!$A$7:$J$1000, 4, FALSE)) -> 0 | D23: =IF(ISBLANK($A23), "", VLOOKUP($A23, 入力シート!$A$7:$J$1000, 6, FALSE)) -> 0 | E23: =IF(ISBLANK($A23), "", VLOOKUP($A23, 入力シート!$A$7:$J$1000, 7, FALSE)) -> 0 | F23: =IF(ISBLANK($A23), "", VLOOKUP($A23, 入力シート!$A$7:$J$1000, 10, FALSE)) -> 0 | G23: =IF(ISBLANK($A23), "", VLOOKUP($A23, 入力シート!$A$7:$J$1000, 9, FALSE)) -> 0 | H23: =IF(ISBLANK($A23), "", VLOOKUP($A23, 入力シート!$A$7:$J$1000, 8, FALSE)) -> 0
A25: 11 | B25: =IF(ISBLANK($A25), "", VLOOKUP($A25, 入力シート!$A$7:$J$1000, 3, FALSE)) -> 0 | C25: =IF(ISBLANK($A25), "", VLOOKUP($A25, 入力シート!$A$7:$J$1000, 4, FALSE)) -> 0 | D25: =IF(ISBLANK($A25), "", VLOOKUP($A25, 入力シート!$A$7:$J$1000, 6, FALSE)) -> 0 | E25: =IF(ISBLANK($A25), "", VLOOKUP($A25, 入力シート!$A$7:$J$1000, 7, FALSE)) -> 0 | F25: =IF(ISBLANK($A25), "", VLOOKUP($A25, 入力シート!$A$7:$J$1000, 10, FALSE)) -> 0 | G25: =IF(ISBLANK($A25), "", VLOOKUP($A25, 入力シート!$A$7:$J$1000, 9, FALSE)) -> 0 | H25: =IF(ISBLANK($A25), "", VLOOKUP($A25, 入力シート!$A$7:$J$1000, 8, FALSE)) -> 0
A27: 12 | B27: =IF(ISBLANK($A27), "", VLOOKUP($A27, 入力シート!$A$7:$J$1000, 3, FALSE)) -> 0 | C27: =IF(ISBLANK($A27), "", VLOOKUP($A27, 入力シート!$A$7:$J$1000, 4, FALSE)) -> 0 | D27: =IF(ISBLANK($A27), "", VLOOKUP($A27, 入力シート!$A$7:$J$1000, 6, FALSE)) -> 0 | E27: =IF(ISBLANK($A27), "", VLOOKUP($A27, 入力シート!$A$7:$J$1000, 7, FALSE)) -> 0 | F27: =IF(ISBLANK($A27), "", VLOOKUP($A27, 入力シート!$A$7:$J$1000, 10, FALSE)) -> 0 | G27: =IF(ISBLANK($A27), "", VLOOKUP($A27, 入力シート!$A$7:$J$1000, 9, FALSE)) -> 0 | H27: =IF(ISBLANK($A27), "", VLOOKUP($A27, 入力シート!$A$7:$J$1000, 8, FALSE)) -> 0
... A31: 14 | B31: =IF(ISBLANK($A31), "", VLOOKUP($A31, 入力シート!$A$7:$J$1000, 3, FALSE)) -> 0 | C31: =IF(ISBLANK($A31), "", VLOOKUP($A31, 入力シート!$A$7:$J$1000, 4, FALSE)) -> 0 | D31: =IF(ISBLANK($A31), "", VLOOKUP($A31, 入力シート!$A$7:$J$1000, 6, FALSE)) -> 0 | E31: =IF(ISBLANK($A31), "", VLOOKUP($A31, 入力シート!$A$7:$J$1000, 7, FALSE)) -> 0 | F31: =IF(ISBLANK($A31), "", VLOOKUP($A31, 入力シート!$A$7:$J$1000, 10, FALSE)) -> 0 | G31: =IF(ISBLANK($A31), "", VLOOKUP($A31, 入力シート!$A$7:$J$1000, 9, FALSE)) -> 0 | H31: =IF(ISBLANK($A31), "", VLOOKUP($A31, 入力シート!$A$7:$J$1000, 8, FALSE)) -> 0

Sheet 所有者調書(品川)
B1: 土 地 所 有 者 調 書
B3: 土地所在 | C3: 地番 | D3: 地目 | E3: 地積 | F3: 登記 年月日 | G3: 所有者 | H3: 登記事項証明書等の住所
H4: 住民登録の住所
A5: 1 | B5: =IF(ISBLANK($A5), "", VLOOKUP($A5, 入力シート!$A$7:$J$1000, 3, FALSE)) -> #REF! | C5: =IF(ISBLANK($A5), "", VLOOKUP($A5, 入力シート!$A$7:$J$1000, 4, FALSE)) -> #REF! | D5: =IF(ISBLANK($A5), "", VLOOKUP($A5, 入力シート!$A$7:$J$1000, 6, FALSE)) -> #REF! | E5: =IF(ISBLANK($A5), "", VLOOKUP($A5, 入力シート!$A$7:$J$1000, 7, FALSE)) -> #REF! | F5: =IF(ISBLANK($A5), "", VLOOKUP($A5, 入力シート!$A$7:$J$1000, 10, FALSE)) -> #REF! | G5: =IF(ISBLANK($A5), "", VLOOKUP($A5, 入力シート!$A$7:$J$1000, 9, FALSE)) -> #REF! | H5: =IF(ISBLANK($A5), "", VLOOKUP($A5, 入力シート!$A$7:$J$1000, 8, FALSE)) -> #REF!
A7: 2 | B7: =IF(ISBLANK($A7), "", VLOOKUP($A7, 入力シート!$A$7:$J$1000, 3, FALSE)) -> #REF! | C7: =IF(ISBLANK($A7), "", VLOOKUP($A7, 入力シート!$A$7:$J$1000, 4, FALSE)) -> #REF! | D7: =IF(ISBLANK($A7), "", VLOOKUP($A7, 入力シート!$A$7:$J$1000, 6, FALSE)) -> #REF! | E7: =IF(ISBLANK($A7), "", VLOOKUP($A7, 入力シート!$A$7:$J$1000, 7, FALSE)) -> #REF! | F7: =IF(ISBLANK($A7), "", VLOOKUP($A7, 入力シート!$A$7:$J$1000, 10, FALSE)) -> #REF! | G7: =IF(ISBLANK($A7), "", VLOOKUP($A7, 入力シート!$A$7:$J$1000, 9, FALSE)) -> #REF! | H7: =IF(ISBLANK($A7), "", VLOOKUP($A7, 入力シート!$A$7:$J$1000, 8, FALSE)) -> #REF!
A9: 3 | B9: =IF(ISBLANK($A9), "", VLOOKUP($A9, 入力シート!$A$7:$J$1000, 3, FALSE)) -> #REF! | C9: =IF(ISBLANK($A9), "", VLOOKUP($A9, 入力シート!$A$7:$J$1000, 4, FALSE)) -> #REF! | D9: =IF(ISBLANK($A9), "", VLOOKUP($A9, 入力シート!$A$7:$J$1000, 6, FALSE)) -> #REF! | E9: =IF(ISBLANK($A9), "", VLOOKUP($A9, 入力シート!$A$7:$J$1000, 7, FALSE)) -> #REF! | F9: =IF(ISBLANK($A9), "", VLOOKUP($A9, 入力シート!$A$7:$J$1000, 10, FALSE)) -> #REF! | G9: =IF(ISBLANK($A9), "", VLOOKUP($A9, 入力シート!$A$7:$J$1000, 9, FALSE)) -> #REF! | H9: =IF(ISBLANK($A9), "", VLOOKUP($A9, 入力シート!$A$7:$J$1000, 8, FALSE)) -> #REF!
A11: 4 | B11: =IF(ISBLANK($A11), "", VLOOKUP($A11, 入力シート!$A$7:$J$1000, 3, FALSE)) -> #REF! | C11: =IF(ISBLANK($A11), "", VLOOKUP($A11, 入力シート!$A$7:$J$1000, 4, FALSE)) -> #REF! | D11: =IF(ISBLANK($A11), "", VLOOKUP($A11, 入力シート!$A$7:$J$1000, 6, FALSE)) -> #REF! | E11: =IF(ISBLANK($A11), "", VLOOKUP($A11, 入力シート!$A$7:$J$1000, 7, FALSE)) -> #REF! | F11: =IF(ISBLANK($A11), "", VLOOKUP($A11, 入力シート!$A$7:$J$1000, 10, FALSE)) -> #REF! | G11: =IF(ISBLANK($A11), "", VLOOKUP($A11, 入力シート!$A$7:$J$1000, 9, FALSE)) -> #REF! | H11: =IF(ISBLANK($A11), "", VLOOKUP($A11, 入力シート!$A$7:$J$1000, 8, FALSE)) -> #REF!
A13: 5 | B13: =IF(ISBLANK($A13), "", VLOOKUP($A13, 入力シート!$A$7:$J$1000, 3, FALSE)) -> #REF! | C13: =IF(ISBLANK($A13), "", VLOOKUP($A13, 入力シート!$A$7:$J$1000, 4, FALSE)) -> #REF! | D13: =IF(ISBLANK($A13), "", VLOOKUP($A13, 入力シート!$A$7:$J$1000, 6, FALSE)) -> #REF! | E13: =IF(ISBLANK($A13), "", VLOOKUP($A13, 入力シート!$A$7:$J$1000, 7, FALSE)) -> #REF! | F13: =IF(ISBLANK($A13), "", VLOOKUP($A13, 入力シート!$A$7:$J$1000, 10, FALSE)) -> #REF! | G13: =IF(ISBLANK($A13), "", VLOOKUP($A13, 入力シート!$A$7:$J$1000, 9, FALSE)) -> #REF! | H13: =IF(ISBLANK($A13), "", VLOOKUP($A13, 入力シート!$A$7:$J$1000, 8, FALSE)) -> #REF!
A15: 6 | B15: =IF(ISBLANK($A15), "", VLOOKUP($A15, 入力シート!$A$7:$J$1000, 3, FALSE)) -> #REF! | C15: =IF(ISBLANK($A15), "", VLOOKUP($A15, 入力シート!$A$7:$J$1000, 4, FALSE)) -> #REF! | D15: =IF(ISBLANK($A15), "", VLOOKUP($A15, 入力シート!$A$7:$J$1000, 6, FALSE)) -> #REF! | E15: =IF(ISBLANK($A15), "", VLOOKUP($A15, 入力シート!$A$7:$J$1000, 7, FALSE)) -> #REF! | F15: =IF(ISBLANK($A15), "", VLOOKUP($A15, 入力シート!$A$7:$J$1000, 10, FALSE)) -> #REF! | G15: =IF(ISBLANK($A15), "", VLOOKUP($A15, 入力シート!$A$7:$J$1000, 9, FALSE)) -> #REF! | H15: =IF(ISBLANK($A15), "", VLOOKUP($A15, 入力シート!$A$7:$J$1000, 8, FALSE)) -> #REF!
A17: 7 | B17: =IF(ISBLANK($A17), "", VLOOKUP($A17, 入力シート!$A$7:$J$1000, 3, FALSE)) -> 0 | C17: =IF(ISBLANK($A17), "", VLOOKUP($A17, 入力シート!$A$7:$J$1000, 4, FALSE)) -> 0 | D17: =IF(ISBLANK($A17), "", VLOOKUP($A17, 入力シート!$A$7:$J$1000, 6, FALSE)) -> 0 | E17: =IF(ISBLANK($A17), "", VLOOKUP($A17, 入力シート!$A$7:$J$1000, 7, FALSE)) -> 0 | F17: =IF(ISBLANK($A17), "", VLOOKUP($A17, 入力シート!$A$7:$J$1000, 10, FALSE)) -> 0 | G17: =IF(ISBLANK($A17), "", VLOOKUP($A17, 入力シート!$A$7:$J$1000, 9, FALSE)) -> 0 | H17: =IF(ISBLANK($A17), "", VLOOKUP($A17, 入力シート!$A$7:$J$1000, 8, FALSE)) -> 0
A19: 8 | B19: =IF(ISBLANK($A19), "", VLOOKUP($A19, 入力シート!$A$7:$J$1000, 3, FALSE)) -> 0 | C19: =IF(ISBLANK($A19), "", VLOOKUP($A19, 入力シート!$A$7:$J$1000, 4, FALSE)) -> 0 | D19: =IF(ISBLANK($A19), "", VLOOKUP($A19, 入力シート!$A$7:$J$1000, 6, FALSE)) -> 0 | E19: =IF(ISBLANK($A19), "", VLOOKUP($A19, 入力シート!$A$7:$J$1000, 7, FALSE)) -> 0 | F19: =IF(ISBLANK($A19), "", VLOOKUP($A19, 入力シート!$A$7:$J$1000, 10, FALSE)) -> 0 | G19: =IF(ISBLANK($A19), "", VLOOKUP($A19, 入力シート!$A$7:$J$1000, 9, FALSE)) -> 0 | H19: =IF(ISBLANK($A19), "", VLOOKUP($A19, 入力シート!$A$7:$J$1000, 8, FALSE)) -> 0
A21: 9 | B21: =IF(ISBLANK($A21), "", VLOOKUP($A21, 入力シート!$A$7:$J$1000, 3, FALSE)) -> 0 | C21: =IF(ISBLANK($A21), "", VLOOKUP($A21, 入力シート!$A$7:$J$1000, 4, FALSE)) -> 0 | D21: =IF(ISBLANK($A21), "", VLOOKUP($A21, 入力シート!$A$7:$J$1000, 6, FALSE)) -> 0 | E21: =IF(ISBLANK($A21), "", VLOOKUP($A21, 入力シート!$A$7:$J$1000, 7, FALSE)) -> 0 | F21: =IF(ISBLANK($A21), "", VLOOKUP($A21, 入力シート!$A$7:$J$1000, 10, FALSE)) -> 0 | G21: =IF(ISBLANK($A21), "", VLOOKUP($A21, 入力シート!$A$7:$J$1000, 9, FALSE)) -> 0 | H21: =IF(ISBLANK($A21), "", VLOOKUP($A21, 入力シート!$A$7:$J$1000, 8, FALSE)) -> 0
A23: 10 | B23: =IF(ISBLANK($A23), "", VLOOKUP($A23, 入力シート!$A$7:$J$1000, 3, FALSE)) -> 0 | C23: =IF(ISBLANK($A23), "", VLOOKUP($A23, 入力シート!$A$7:$J$1000, 4, FALSE)) -> 0 | D23: =IF(ISBLANK($A23), "", VLOOKUP($A23, 入力シート!$A$7:$J$1000, 6, FALSE)) -> 0 | E23: =IF(ISBLANK($A23), "", VLOOKUP($A23, 入力シート!$A$7:$J$1000, 7, FALSE)) -> 0 | F23: =IF(ISBLANK($A23), "", VLOOKUP($A23, 入力シート!$A$7:$J$1000, 10, FALSE)) -> 0 | G23: =IF(ISBLANK($A23), "", VLOOKUP($A23, 入力シート!$A$7:$J$1000, 9, FALSE)) -> 0 | H23: =IF(ISBLANK($A23), "", VLOOKUP($A23, 入力シート!$A$7:$J$1000, 8, FALSE)) -> 0
A25: 11 | B25: =IF(ISBLANK($A25), "", VLOOKUP($A25, 入力シート!$A$7:$J$1000, 3, FALSE)) -> 0 | C25: =IF(ISBLANK($A25), "", VLOOKUP($A25, 入力シート!$A$7:$J$1000, 4, FALSE)) -> 0 | D25: =IF(ISBLANK($A25), "", VLOOKUP($A25, 入力シート!$A$7:$J$1000, 6, FALSE)) -> 0 | E25: =IF(ISBLANK($A25), "", VLOOKUP($A25, 入力シート!$A$7:$J$1000, 7, FALSE)) -> 0 | F25: =IF(ISBLANK($A25), "", VLOOKUP($A25, 入力シート!$A$7:$J$1000, 10, FALSE)) -> 0 | G25: =IF(ISBLANK($A25), "", VLOOKUP($A25, 入力シート!$A$7:$J$1000, 9, FALSE)) -> 0 | H25: =IF(ISBLANK($A25), "", VLOOKUP($A25, 入力シート!$A$7:$J$1000, 8, FALSE)) -> 0
A27: 12 | B27: =IF(ISBLANK($A27), "", VLOOKUP($A27, 入力シート!$A$7:$J$1000, 3, FALSE)) -> 0 | C27: =IF(ISBLANK($A27), "", VLOOKUP($A27, 入力シート!$A$7:$J$1000, 4, FALSE)) -> 0 | D27: =IF(ISBLANK($A27), "", VLOOKUP($A27, 入力シート!$A$7:$J$1000, 6, FALSE)) -> 0 | E27: =IF(ISBLANK($A27), "", VLOOKUP($A27, 入力シート!$A$7:$J$1000, 7, FALSE)) -> 0 | F27: =IF(ISBLANK($A27), "", VLOOKUP($A27, 入力シート!$A$7:$J$1000, 10, FALSE)) -> 0 | G27: =IF(ISBLANK($A27), "", VLOOKUP($A27, 入力シート!$A$7:$J$1000, 9, FALSE)) -> 0 | H27: =IF(ISBLANK($A27), "", VLOOKUP($A27, 入力シート!$A$7:$J$1000, 8, FALSE)) -> 0
A29: 13 | B29: =IF(ISBLANK($A29), "", VLOOKUP($A29, 入力シート!$A$7:$J$1000, 3, FALSE)) -> 0 | C29: =IF(ISBLANK($A29), "", VLOOKUP($A29, 入力シート!$A$7:$J$1000, 4, FALSE)) -> 0 | D29: =IF(ISBLANK($A29), "", VLOOKUP($A29, 入力シート!$A$7:$J$1000, 6, FALSE)) -> 0 | E29: =IF(ISBLANK($A29), "", VLOOKUP($A29, 入力シート!$A$7:$J$1000, 7, FALSE)) -> 0 | F29: =IF(ISBLANK($A29), "", VLOOKUP($A29, 入力シート!$A$7:$J$1000, 10, FALSE)) -> 0 | G29: =IF(ISBLANK($A29), "", VLOOKUP($A29, 入力シート!$A$7:$J$1000, 9, FALSE)) -> 0 | H29: =IF(ISBLANK($A29), "", VLOOKUP($A29, 入力シート!$A$7:$J$1000, 8, FALSE)) -> 0
B31: =IF(ISBLANK($A31), "", VLOOKUP($A31, 入力シート!$A$7:$J$1000, 3, FALSE)) | C31: =IF(ISBLANK($A31), "", VLOOKUP($A31, 入力シート!$A$7:$J$1000, 4, FALSE)) | D31: =IF(ISBLANK($A31), "", VLOOKUP($A31, 入力シート!$A$7:$J$1000, 6, FALSE)) | E31: =IF(ISBLANK($A31), "", VLOOKUP($A31, 入力シート!$A$7:$J$1000, 7, FALSE)) | F31: =IF(ISBLANK($A31), "", VLOOKUP($A31, 入力シート!$A$7:$J$1000, 10, FALSE)) | G31: =IF(ISBLANK($A31), "", VLOOKUP($A31, 入力シート!$A$7:$J$1000, 9, FALSE)) | H31: =IF(ISBLANK($A31), "", VLOOKUP($A31, 入力シート!$A$7:$J$1000, 8, FALSE))

Sheet 所有者調書(新宿)
B1: 土 地 所 有 者 調 書 ・ 立 会 同 意 確 認 書
B3: 土地の所在 | C3: 地番 | D3: 地目 | E3: 地積(㎡) | F3: 所有者氏名 | G3: 登記事項証明書 上の住所 | H3: 現住所 | I3: 電話番号 | J3: 立会同意 の有無
A4: 1 | B4: =IF(ISBLANK($A4), "", VLOOKUP($A4, 入力シート!$A$7:$J$1000, 3, FALSE)) -> #REF! | C4: =IF(ISBLANK($A4), "", VLOOKUP($A4, 入力シート!$A$7:$J$1000, 4, FALSE)) -> #REF! | D4: =IF(ISBLANK($A4), "", VLOOKUP($A4, 入力シート!$A$7:$J$1000, 6, FALSE)) -> #REF! | E4: =IF(ISBLANK($A4), "", VLOOKUP($A4, 入力シート!$A$7:$J$1000, 7, FALSE)) -> #REF! | F4: =IF(ISBLANK($A4), "", VLOOKUP($A4, 入力シート!$A$7:$J$1000, 9, FALSE)) -> #REF! | G4: =IF(ISBLANK($A4), "", VLOOKUP($A4, 入力シート!$A$7:$J$1000, 8, FALSE)) -> #REF!
A5: 2 | B5: =IF(ISBLANK($A5), "", VLOOKUP($A5, 入力シート!$A$7:$J$1000, 3, FALSE)) -> #REF! | C5: =IF(ISBLANK($A5), "", VLOOKUP($A5, 入力シート!$A$7:$J$1000, 4, FALSE)) -> #REF! | D5: =IF(ISBLANK($A5), "", VLOOKUP($A5, 入力シート!$A$7:$J$1000, 6, FALSE)) -> #REF! | E5: =IF(ISBLANK($A5), "", VLOOKUP($A5, 入力シート!$A$7:$J$1000, 7, FALSE)) -> #REF! | F5: =IF(ISBLANK($A5), "", VLOOKUP($A5, 入力シート!$A$7:$J$1000, 9, FALSE)) -> #REF! | G5: =IF(ISBLANK($A5), "", VLOOKUP($A5, 入力シート!$A$7:$J$1000, 8, FALSE)) -> #REF!
A6: 3 | B6: =IF(ISBLANK($A6), "", VLOOKUP($A6, 入力シート!$A$7:$J$1000, 3, FALSE)) -> #REF! | C6: =IF(ISBLANK($A6), "", VLOOKUP($A6, 入力シート!$A$7:$J$1000, 4, FALSE)) -> #REF! | D6: =IF(ISBLANK($A6), "", VLOOKUP($A6, 入力シート!$A$7:$J$1000, 6, FALSE)) -> #REF! | E6: =IF(ISBLANK($A6), "", VLOOKUP($A6, 入力シート!$A$7:$J$1000, 7, FALSE)) -> #REF! | F6: =IF(ISBLANK($A6), "", VLOOKUP($A6, 入力シート!$A$7:$J$1000, 9, FALSE)) -> #REF! | G6: =IF(ISBLANK($A6), "", VLOOKUP($A6, 入力シート!$A$7:$J$1000, 8, FALSE)) -> #REF!
A7: 4 | B7: =IF(ISBLANK($A7), "", VLOOKUP($A7, 入力シート!$A$7:$J$1000, 3, FALSE)) -> #REF! | C7: =IF(ISBLANK($A7), "", VLOOKUP($A7, 入力シート!$A$7:$J$1000, 4, FALSE)) -> #REF! | D7: =IF(ISBLANK($A7), "", VLOOKUP($A7, 入力シート!$A$7:$J$1000, 6, FALSE)) -> #REF! | E7: =IF(ISBLANK($A7), "", VLOOKUP($A7, 入力シート!$A$7:$J$1000, 7, FALSE)) -> #REF! | F7: =IF(ISBLANK($A7), "", VLOOKUP($A7, 入力シート!$A$7:$J$1000, 9, FALSE)) -> #REF! | G7: =IF(ISBLANK($A7), "", VLOOKUP($A7, 入力シート!$A$7:$J$1000, 8, FALSE)) -> #REF!
A8: 5 | B8: =IF(ISBLANK($A8), "", VLOOKUP($A8, 入力シート!$A$7:$J$1000, 3, FALSE)) -> #REF! | C8: =IF(ISBLANK($A8), "", VLOOKUP($A8, 入力シート!$A$7:$J$1000, 4, FALSE)) -> #REF! | D8: =IF(ISBLANK($A8), "", VLOOKUP($A8, 入力シート!$A$7:$J$1000, 6, FALSE)) -> #REF! | E8: =IF(ISBLANK($A8), "", VLOOKUP($A8, 入力シート!$A$7:$J$1000, 7, FALSE)) -> #REF! | F8: =IF(ISBLANK($A8), "", VLOOKUP($A8, 入力シート!$A$7:$J$1000, 9, FALSE)) -> #REF! | G8: =IF(ISBLANK($A8), "", VLOOKUP($A8, 入力シート!$A$7:$J$1000, 8, FALSE)) -> #REF!
A9: 6 | B9: =IF(ISBLANK($A9), "", VLOOKUP($A9, 入力シート!$A$7:$J$1000, 3, FALSE)) -> #REF! | C9: =IF(ISBLANK($A9), "", VLOOKUP($A9, 入力シート!$A$7:$J$1000, 4, FALSE)) -> #REF! | D9: =IF(ISBLANK($A9), "", VLOOKUP($A9, 入力シート!$A$7:$J$1000, 6, FALSE)) -> #REF! | E9: =IF(ISBLANK($A9), "", VLOOKUP($A9, 入力シート!$A$7:$J$1000, 7, FALSE)) -> #REF! | F9: =IF(ISBLANK($A9), "", VLOOKUP($A9, 入力シート!$A$7:$J$1000, 9, FALSE)) -> #REF! | G9: =IF(ISBLANK($A9), "", VLOOKUP($A9, 入力シート!$A$7:$J$1000, 8, FALSE)) -> #REF!
A10: 7 | B10: =IF(ISBLANK($A10), "", VLOOKUP($A10, 入力シート!$A$7:$J$1000, 3, FALSE)) -> 0 | C10: =IF(ISBLANK($A10), "", VLOOKUP($A10, 入力シート!$A$7:$J$1000, 4, FALSE)) -> 0 | D10: =IF(ISBLANK($A10), "", VLOOKUP($A10, 入力シート!$A$7:$J$1000, 6, FALSE)) -> 0 | E10: =IF(ISBLANK($A10), "", VLOOKUP($A10, 入力シート!$A$7:$J$1000, 7, FALSE)) -> 0 | F10: =IF(ISBLANK($A10), "", VLOOKUP($A10, 入力シート!$A$7:$J$1000, 9, FALSE)) -> 0 | G10: =IF(ISBLANK($A10), "", VLOOKUP($A10, 入力シート!$A$7:$J$1000, 8, FALSE)) -> 0
A11: 8 | B11: =IF(ISBLANK($A11), "", VLOOKUP($A11, 入力シート!$A$7:$J$1000, 3, FALSE)) -> 0 | C11: =IF(ISBLANK($A11), "", VLOOKUP($A11, 入力シート!$A$7:$J$1000, 4, FALSE)) -> 0 | D11: =IF(ISBLANK($A11), "", VLOOKUP($A11, 入力シート!$A$7:$J$1000, 6, FALSE)) -> 0 | E11: =IF(ISBLANK($A11), "", VLOOKUP($A11, 入力シート!$A$7:$J$1000, 7, FALSE)) -> 0 | F11: =IF(ISBLANK($A11), "", VLOOKUP($A11, 入力シート!$A$7:$J$1000, 9, FALSE)) -> 0 | G11: =IF(ISBLANK($A11), "", VLOOKUP($A11, 入力シート!$A$7:$J$1000, 8, FALSE)) -> 0
A12: 9 | B12: =IF(ISBLANK($A12), "", VLOOKUP($A12, 入力シート!$A$7:$J$1000, 3, FALSE)) -> 0 | C12: =IF(ISBLANK($A12), "", VLOOKUP($A12, 入力シート!$A$7:$J$1000, 4, FALSE)) -> 0 | D12: =IF(ISBLANK($A12), "", VLOOKUP($A12, 入力シート!$A$7:$J$1000, 6, FALSE)) -> 0 | E12: =IF(ISBLANK($A12), "", VLOOKUP($A12, 入力シート!$A$7:$J$1000, 7, FALSE)) -> 0 | F12: =IF(ISBLANK($A12), "", VLOOKUP($A12, 入力シート!$A$7:$J$1000, 9, FALSE)) -> 0 | G12: =IF(ISBLANK($A12), "", VLOOKUP($A12, 入力シート!$A$7:$J$1000, 8, FALSE)) -> 0
A13: 10 | B13: =IF(ISBLANK($A13), "", VLOOKUP($A13, 入力シート!$A$7:$J$1000, 3, FALSE)) -> 0 | C13: =IF(ISBLANK($A13), "", VLOOKUP($A13, 入力シート!$A$7:$J$1000, 4, FALSE)) -> 0 | D13: =IF(ISBLANK($A13), "", VLOOKUP($A13, 入力シート!$A$7:$J$1000, 6, FALSE)) -> 0 | E13: =IF(ISBLANK($A13), "", VLOOKUP($A13, 入力シート!$A$7:$J$1000, 7, FALSE)) -> 0 | F13: =IF(ISBLANK($A13), "", VLOOKUP($A13, 入力シート!$A$7:$J$1000, 9, FALSE)) -> 0 | G13: =IF(ISBLANK($A13), "", VLOOKUP($A13, 入力シート!$A$7:$J$1000, 8, FALSE)) -> 0
A14: 11 | B14: =IF(ISBLANK($A14), "", VLOOKUP($A14, 入力シート!$A$7:$J$1000, 3, FALSE)) -> 0 | C14: =IF(ISBLANK($A14), "", VLOOKUP($A14, 入力シート!$A$7:$J$1000, 4, FALSE)) -> 0 | D14: =IF(ISBLANK($A14), "", VLOOKUP($A14, 入力シート!$A$7:$J$1000, 6, FALSE)) -> 0 | E14: =IF(ISBLANK($A14), "", VLOOKUP($A14, 入力シート!$A$7:$J$1000, 7, FALSE)) -> 0 | F14: =IF(ISBLANK($A14), "", VLOOKUP($A14, 入力シート!$A$7:$J$1000, 9, FALSE)) -> 0 | G14: =IF(ISBLANK($A14), "", VLOOKUP($A14, 入力シート!$A$7:$J$1000, 8, FALSE)) -> 0

Sheet 所有者調書(杉並)
B1: 土 地 所 有 者 調 書
F2: =TODAY() -> 45779
F3: 調査者名 土地家屋調査士 岡藤央樹 印 | L3: 調査者名 土地家屋調査士 岡藤央樹 印
B4: 土地所在 | C4: 地番 | D4: 地目 | E4: 地積 (㎡) | F4: 登記 年月日 | G4: 所有者名 | H4: 登記事項の住所 | L4: 調査者名 土地家屋調査士 笹生昌史 印
H5: 現在の住所
A6: 1 | B6: =IF(ISBLANK($A6), "", VLOOKUP($A6, 入力シート!$A$7:$J$1000, 3, FALSE)) -> #REF! | C6: =IF(ISBLANK($A6), "", VLOOKUP($A6, 入力シート!$A$7:$J$1000, 4, FALSE)) -> #REF! | D6: =IF(ISBLANK($A6), "", VLOOKUP($A6, 入力シート!$A$7:$J$1000, 6, FALSE)) -> #REF! | E6: =IF(ISBLANK($A6), "", VLOOKUP($A6, 入力シート!$A$7:$J$1000, 7, FALSE)) -> #REF! | F6: =IF(ISBLANK($A6), "", VLOOKUP($A6, 入力シート!$A$7:$J$1000, 10, FALSE)) -> #REF! | G6: =IF(ISBLANK($A6), "", VLOOKUP($A6, 入力シート!$A$7:$J$1000, 9, FALSE)) -> #REF! | H6: =IF(ISBLANK($A6), "", VLOOKUP($A6, 入力シート!$A$7:$J$1000, 8, FALSE)) -> #REF!
A8: 2 | B8: =IF(ISBLANK($A8), "", VLOOKUP($A8, 入力シート!$A$7:$J$1000, 3, FALSE)) -> #REF! | C8: =IF(ISBLANK($A8), "", VLOOKUP($A8, 入力シート!$A$7:$J$1000, 4, FALSE)) -> #REF! | D8: =IF(ISBLANK($A8), "", VLOOKUP($A8, 入力シート!$A$7:$J$1000, 6, FALSE)) -> #REF! | E8: =IF(ISBLANK($A8), "", VLOOKUP($A8, 入力シート!$A$7:$J$1000, 7, FALSE)) -> #REF! | F8: =IF(ISBLANK($A8), "", VLOOKUP($A8, 入力シート!$A$7:$J$1000, 10, FALSE)) -> #REF! | G8: =IF(ISBLANK($A8), "", VLOOKUP($A8, 入力シート!$A$7:$J$1000, 9, FALSE)) -> #REF! | H8: =IF(ISBLANK($A8), "", VLOOKUP($A8, 入力シート!$A$7:$J$1000, 8, FALSE)) -> #REF!
A10: 3 | B10: =IF(ISBLANK($A10), "", VLOOKUP($A10, 入力シート!$A$7:$J$1000, 3, FALSE)) -> #REF! | C10: =IF(ISBLANK($A10), "", VLOOKUP($A10, 入力シート!$A$7:$J$1000, 4, FALSE)) -> #REF! | D10: =IF(ISBLANK($A10), "", VLOOKUP($A10, 入力シート!$A$7:$J$1000, 6, FALSE)) -> #REF! | E10: =IF(ISBLANK($A10), "", VLOOKUP($A10, 入力シート!$A$7:$J$1000, 7, FALSE)) -> #REF! | F10: =IF(ISBLANK($A10), "", VLOOKUP($A10, 入力シート!$A$7:$J$1000, 10, FALSE)) -> #REF! | G10: =IF(ISBLANK($A10), "", VLOOKUP($A10, 入力シート!$A$7:$J$1000, 9, FALSE)) -> #REF! | H10: =IF(ISBLANK($A10), "", VLOOKUP($A10, 入力シート!$A$7:$J$1000, 8, FALSE)) -> #REF!
A12: 4 | B12: =IF(ISBLANK($A12), "", VLOOKUP($A12, 入力シート!$A$7:$J$1000, 3, FALSE)) -> #REF! | C12: =IF(ISBLANK($A12), "", VLOOKUP($A12, 入力シート!$A$7:$J$1000, 4, FALSE)) -> #REF! | D12: =IF(ISBLANK($A12), "", VLOOKUP($A12, 入力シート!$A$7:$J$1000, 6, FALSE)) -> #REF! | E12: =IF(ISBLANK($A12), "", VLOOKUP($A12, 入力シート!$A$7:$J$1000, 7, FALSE)) -> #REF! | F12: =IF(ISBLANK($A12), "", VLOOKUP($A12, 入力シート!$A$7:$J$1000, 10, FALSE)) -> #REF! | G12: =IF(ISBLANK($A12), "", VLOOKUP($A12, 入力シート!$A$7:$J$1000, 9, FALSE)) -> #REF! | H12: =IF(ISBLANK($A12), "", VLOOKUP($A12, 入力シート!$A$7:$J$1000, 8, FALSE)) -> #REF!
A14: 5 | B14: =IF(ISBLANK($A14), "", VLOOKUP($A14, 入力シート!$A$7:$J$1000, 3, FALSE)) -> #REF! | C14: =IF(ISBLANK($A14), "", VLOOKUP($A14, 入力シート!$A$7:$J$1000, 4, FALSE)) -> #REF! | D14: =IF(ISBLANK($A14), "", VLOOKUP($A14, 入力シート!$A$7:$J$1000, 6, FALSE)) -> #REF! | E14: =IF(ISBLANK($A14), "", VLOOKUP($A14, 入力シート!$A$7:$J$1000, 7, FALSE)) -> #REF! | F14: =IF(ISBLANK($A14), "", VLOOKUP($A14, 入力シート!$A$7:$J$1000, 10, FALSE)) -> #REF! | G14: =IF(ISBLANK($A14), "", VLOOKUP($A14, 入力シート!$A$7:$J$1000, 9, FALSE)) -> #REF! | H14: =IF(ISBLANK($A14), "", VLOOKUP($A14, 入力シート!$A$7:$J$1000, 8, FALSE)) -> #REF!
A16: 6 | B16: =IF(ISBLANK($A16), "", VLOOKUP($A16, 入力シート!$A$7:$J$1000, 3, FALSE)) -> #REF! | C16: =IF(ISBLANK($A16), "", VLOOKUP($A16, 入力シート!$A$7:$J$1000, 4, FALSE)) -> #REF! | D16: =IF(ISBLANK($A16), "", VLOOKUP($A16, 入力シート!$A$7:$J$1000, 6, FALSE)) -> #REF! | E16: =IF(ISBLANK($A16), "", VLOOKUP($A16, 入力シート!$A$7:$J$1000, 7, FALSE)) -> #REF! | F16: =IF(ISBLANK($A16), "", VLOOKUP($A16, 入力シート!$A$7:$J$1000, 10, FALSE)) -> #REF! | G16: =IF(ISBLANK($A16), "", VLOOKUP($A16, 入力シート!$A$7:$J$1000, 9, FALSE)) -> #REF! | H16: =IF(ISBLANK($A16), "", VLOOKUP($A16, 入力シート!$A$7:$J$1000, 8, FALSE)) -> #REF!
A18: 7 | B18: =IF(ISBLANK($A18), "", VLOOKUP($A18, 入力シート!$A$7:$J$1000, 3, FALSE)) -> 0 | C18: =IF(ISBLANK($A18), "", VLOOKUP($A18, 入力シート!$A$7:$J$1000, 4, FALSE)) -> 0 | D18: =IF(ISBLANK($A18), "", VLOOKUP($A18, 入力シート!$A$7:$J$1000, 6, FALSE)) -> 0 | E18: =IF(ISBLANK($A18), "", VLOOKUP($A18, 入力シート!$A$7:$J$1000, 7, FALSE)) -> 0 | F18: =IF(ISBLANK($A18), "", VLOOKUP($A18, 入力シート!$A$7:$J$1000, 10, FALSE)) -> 0 | G18: =IF(ISBLANK($A18), "", VLOOKUP($A18, 入力シート!$A$7:$J$1000, 9, FALSE)) -> 0 | H18: =IF(ISBLANK($A18), "", VLOOKUP($A18, 入力シート!$A$7:$J$1000, 8, FALSE)) -> 0
A20: 8 | B20: =IF(ISBLANK($A20), "", VLOOKUP($A20, 入力シート!$A$7:$J$1000, 3, FALSE)) -> 0 | C20: =IF(ISBLANK($A20), "", VLOOKUP($A20, 入力シート!$A$7:$J$1000, 4, FALSE)) -> 0 | D20: =IF(ISBLANK($A20), "", VLOOKUP($A20, 入力シート!$A$7:$J$1000, 6, FALSE)) -> 0 | E20: =IF(ISBLANK($A20), "", VLOOKUP($A20, 入力シート!$A$7:$J$1000, 7, FALSE)) -> 0 | F20: =IF(ISBLANK($A20), "", VLOOKUP($A20, 入力シート!$A$7:$J$1000, 10, FALSE)) -> 0 | G20: =IF(ISBLANK($A20), "", VLOOKUP($A20, 入力シート!$A$7:$J$1000, 9, FALSE)) -> 0 | H20: =IF(ISBLANK($A20), "", VLOOKUP($A20, 入力シート!$A$7:$J$1000, 8, FALSE)) -> 0
A22: 9 | B22: =IF(ISBLANK($A22), "", VLOOKUP($A22, 入力シート!$A$7:$J$1000, 3, FALSE)) -> 0 | C22: =IF(ISBLANK($A22), "", VLOOKUP($A22, 入力シート!$A$7:$J$1000, 4, FALSE)) -> 0 | D22: =IF(ISBLANK($A22), "", VLOOKUP($A22, 入力シート!$A$7:$J$1000, 6, FALSE)) -> 0 | E22: =IF(ISBLANK($A22), "", VLOOKUP($A22, 入力シート!$A$7:$J$1000, 7, FALSE)) -> 0 | F22: =IF(ISBLANK($A22), "", VLOOKUP($A22, 入力シート!$A$7:$J$1000, 10, FALSE)) -> 0 | G22: =IF(ISBLANK($A22), "", VLOOKUP($A22, 入力シート!$A$7:$J$1000, 9, FALSE)) -> 0 | H22: =IF(ISBLANK($A22), "", VLOOKUP($A22, 入力シート!$A$7:$J$1000, 8, FALSE)) -> 0
A24: 10 | B24: =IF(ISBLANK($A24), "", VLOOKUP($A24, 入力シート!$A$7:$J$1000, 3, FALSE)) -> 0 | C24: =IF(ISBLANK($A24), "", VLOOKUP($A24, 入力シート!$A$7:$J$1000, 4, FALSE)) -> 0 | D24: =IF(ISBLANK($A24), "", VLOOKUP($A24, 入力シート!$A$7:$J$1000, 6, FALSE)) -> 0 | E24: =IF(ISBLANK($A24), "", VLOOKUP($A24, 入力シート!$A$7:$J$1000, 7, FALSE)) -> 0 | F24: =IF(ISBLANK($A24), "", VLOOKUP($A24, 入力シート!$A$7:$J$1000, 10, FALSE)) -> 0 | G24: =IF(ISBLANK($A24), "", VLOOKUP($A24, 入力シート!$A$7:$J$1000, 9, FALSE)) -> 0 | H24: =IF(ISBLANK($A24), "", VLOOKUP($A24, 入力シート!$A$7:$J$1000, 8, FALSE)) -> 0
A26: 11 | B26: =IF(ISBLANK($A26), "", VLOOKUP($A26, 入力シート!$A$7:$J$1000, 3, FALSE)) -> 0 | C26: =IF(ISBLANK($A26), "", VLOOKUP($A26, 入力シート!$A$7:$J$1000, 4, FALSE)) -> 0 | D26: =IF(ISBLANK($A26), "", VLOOKUP($A26, 入力シート!$A$7:$J$1000, 6, FALSE)) -> 0 | E26: =IF(ISBLANK($A26), "", VLOOKUP($A26, 入力シート!$A$7:$J$1000, 7, FALSE)) -> 0 | F26: =IF(ISBLANK($A26), "", VLOOKUP($A26, 入力シート!$A$7:$J$1000, 10, FALSE)) -> 0 | G26: =IF(ISBLANK($A26), "", VLOOKUP($A26, 入力シート!$A$7:$J$1000, 9, FALSE)) -> 0 | H26: =IF(ISBLANK($A26), "", VLOOKUP($A26, 入力シート!$A$7:$J$1000, 8, FALSE)) -> 0
A28: 12 | B28: =IF(ISBLANK($A28), "", VLOOKUP($A28, 入力シート!$A$7:$J$1000, 3, FALSE)) -> 0 | C28: =IF(ISBLANK($A28), "", VLOOKUP($A28, 入力シート!$A$7:$J$1000, 4, FALSE)) -> 0 | D28: =IF(ISBLANK($A28), "", VLOOKUP($A28, 入力シート!$A$7:$J$1000, 6, FALSE)) -> 0 | E28: =IF(ISBLANK($A28), "", VLOOKUP($A28, 入力シート!$A$7:$J$1000, 7, FALSE)) -> 0 | F28: =IF(ISBLANK($A28), "", VLOOKUP($A28, 入力シート!$A$7:$J$1000, 10, FALSE)) -> 0 | G28: =IF(ISBLANK($A28), "", VLOOKUP($A28, 入力シート!$A$7:$J$1000, 9, FALSE)) -> 0 | H28: =IF(ISBLANK($A28), "", VLOOKUP($A28, 入力シート!$A$7:$J$1000, 8, FALSE)) -> 0
... A32: 14 | B32: =IF(ISBLANK($A32), "", VLOOKUP($A32, 入力シート!$A$7:$J$1000, 3, FALSE)) -> 0 | C32: =IF(ISBLANK($A32), "", VLOOKUP($A32, 入力シート!$A$7:$J$1000, 4, FALSE)) -> 0 | D32: =IF(ISBLANK($A32), "", VLOOKUP($A32, 入力シート!$A$7:$J$1000, 6, FALSE)) -> 0 | E32: =IF(ISBLANK($A32), "", VLOOKUP($A32, 入力シート!$A$7:$J$1000, 7, FALSE)) -> 0 | F32: =IF(ISBLANK($A32), "", VLOOKUP($A32, 入力シート!$A$7:$J$1000, 10, FALSE)) -> 0 | G32: =IF(ISBLANK($A32), "", VLOOKUP($A32, 入力シート!$A$7:$J$1000, 9, FALSE)) -> 0 | H32: =IF(ISBLANK($A32), "", VLOOKUP($A32, 入力シート!$A$7:$J$1000, 8, FALSE)) -> 0

Sheet 所有者調書(世田谷)
B1: 土 地 所 有 者 調 書
B2: 調査年月日 | C2: =TODAY() -> 45779 | F2: 調査・作成者氏名 笹生昌史 印 | J2: 調査・作成者氏名 岡藤央樹 印
B3: 土地所在 | C3: 地番 | D3: 地目 | E3: 地積 | F3: 登記 年月日 | G3: 所有者名 | H3: 登記簿上の住所 | J3: 調査・作成者氏名 笹生昌史 印
H4: 現住所
A5: 1 | B5: =IF(ISBLANK($A5), "", VLOOKUP($A5, 入力シート!$A$7:$J$1000, 3, FALSE)) -> #REF! | C5: =IF(ISBLANK($A5), "", VLOOKUP($A5, 入力シート!$A$7:$J$1000, 4, FALSE)) -> #REF! | D5: =IF(ISBLANK($A5), "", VLOOKUP($A5, 入力シート!$A$7:$J$1000, 6, FALSE)) -> #REF! | E5: =IF(ISBLANK($A5), "", VLOOKUP($A5, 入力シート!$A$7:$J$1000, 7, FALSE)) -> #REF! | F5: =IF(ISBLANK($A5), "", VLOOKUP($A5, 入力シート!$A$7:$J$1000, 10, FALSE)) -> #REF! | G5: =IF(ISBLANK($A5), "", VLOOKUP($A5, 入力シート!$A$7:$J$1000, 9, FALSE)) -> #REF! | H5: =IF(ISBLANK($A5), "", VLOOKUP($A5, 入力シート!$A$7:$J$1000, 8, FALSE)) -> #REF!
A7: 2 | B7: =IF(ISBLANK($A7), "", VLOOKUP($A7, 入力シート!$A$7:$J$1000, 3, FALSE)) -> #REF! | C7: =IF(ISBLANK($A7), "", VLOOKUP($A7, 入力シート!$A$7:$J$1000, 4, FALSE)) -> #REF! | D7: =IF(ISBLANK($A7), "", VLOOKUP($A7, 入力シート!$A$7:$J$1000, 6, FALSE)) -> #REF! | E7: =IF(ISBLANK($A7), "", VLOOKUP($A7, 入力シート!$A$7:$J$1000, 7, FALSE)) -> #REF! | F7: =IF(ISBLANK($A7), "", VLOOKUP($A7, 入力シート!$A$7:$J$1000, 10, FALSE)) -> #REF! | G7: =IF(ISBLANK($A7), "", VLOOKUP($A7, 入力シート!$A$7:$J$1000, 9, FALSE)) -> #REF! | H7: =IF(ISBLANK($A7), "", VLOOKUP($A7, 入力シート!$A$7:$J$1000, 8, FALSE)) -> #REF!
A9: 3 | B9: =IF(ISBLANK($A9), "", VLOOKUP($A9, 入力シート!$A$7:$J$1000, 3, FALSE)) -> #REF! | C9: =IF(ISBLANK($A9), "", VLOOKUP($A9, 入力シート!$A$7:$J$1000, 4, FALSE)) -> #REF! | D9: =IF(ISBLANK($A9), "", VLOOKUP($A9, 入力シート!$A$7:$J$1000, 6, FALSE)) -> #REF! | E9: =IF(ISBLANK($A9), "", VLOOKUP($A9, 入力シート!$A$7:$J$1000, 7, FALSE)) -> #REF! | F9: =IF(ISBLANK($A9), "", VLOOKUP($A9, 入力シート!$A$7:$J$1000, 10, FALSE)) -> #REF! | G9: =IF(ISBLANK($A9), "", VLOOKUP($A9, 入力シート!$A$7:$J$1000, 9, FALSE)) -> #REF! | H9: =IF(ISBLANK($A9), "", VLOOKUP($A9, 入力シート!$A$7:$J$1000, 8, FALSE)) -> #REF!
A11: 4 | B11: =IF(ISBLANK($A11), "", VLOOKUP($A11, 入力シート!$A$7:$J$1000, 3, FALSE)) -> #REF! | C11: =IF(ISBLANK($A11), "", VLOOKUP($A11, 入力シート!$A$7:$J$1000, 4, FALSE)) -> #REF! | D11: =IF(ISBLANK($A11), "", VLOOKUP($A11, 入力シート!$A$7:$J$1000, 6, FALSE)) -> #REF! | E11: =IF(ISBLANK($A11), "", VLOOKUP($A11, 入力シート!$A$7:$J$1000, 7, FALSE)) -> #REF! | F11: =IF(ISBLANK($A11), "", VLOOKUP($A11, 入力シート!$A$7:$J$1000, 10, FALSE)) -> #REF! | G11: =IF(ISBLANK($A11), "", VLOOKUP($A11, 入力シート!$A$7:$J$1000, 9, FALSE)) -> #REF! | H11: =IF(ISBLANK($A11), "", VLOOKUP($A11, 入力シート!$A$7:$J$1000, 8, FALSE)) -> #REF!
A13: 5 | B13: =IF(ISBLANK($A13), "", VLOOKUP($A13, 入力シート!$A$7:$J$1000, 3, FALSE)) -> #REF! | C13: =IF(ISBLANK($A13), "", VLOOKUP($A13, 入力シート!$A$7:$J$1000, 4, FALSE)) -> #REF! | D13: =IF(ISBLANK($A13), "", VLOOKUP($A13, 入力シート!$A$7:$J$1000, 6, FALSE)) -> #REF! | E13: =IF(ISBLANK($A13), "", VLOOKUP($A13, 入力シート!$A$7:$J$1000, 7, FALSE)) -> #REF! | F13: =IF(ISBLANK($A13), "", VLOOKUP($A13, 入力シート!$A$7:$J$1000, 10, FALSE)) -> #REF! | G13: =IF(ISBLANK($A13), "", VLOOKUP($A13, 入力シート!$A$7:$J$1000, 9, FALSE)) -> #REF! | H13: =IF(ISBLANK($A13), "", VLOOKUP($A13, 入力シート!$A$7:$J$1000, 8, FALSE)) -> #REF!
A15: 6 | B15: =IF(ISBLANK($A15), "", VLOOKUP($A15, 入力シート!$A$7:$J$1000, 3, FALSE)) -> #REF! | C15: =IF(ISBLANK($A15), "", VLOOKUP($A15, 入力シート!$A$7:$J$1000, 4, FALSE)) -> #REF! | D15: =IF(ISBLANK($A15), "", VLOOKUP($A15, 入力シート!$A$7:$J$1000, 6, FALSE)) -> #REF! | E15: =IF(ISBLANK($A15), "", VLOOKUP($A15, 入力シート!$A$7:$J$1000, 7, FALSE)) -> #REF! | F15: =IF(ISBLANK($A15), "", VLOOKUP($A15, 入力シート!$A$7:$J$1000, 10, FALSE)) -> #REF! | G15: =IF(ISBLANK($A15), "", VLOOKUP($A15, 入力シート!$A$7:$J$1000, 9, FALSE)) -> #REF! | H15: =IF(ISBLANK($A15), "", VLOOKUP($A15, 入力シート!$A$7:$J$1000, 8, FALSE)) -> #REF!
A17: 7 | B17: =IF(ISBLANK($A17), "", VLOOKUP($A17, 入力シート!$A$7:$J$1000, 3, FALSE)) -> 0 | C17: =IF(ISBLANK($A17), "", VLOOKUP($A17, 入力シート!$A$7:$J$1000, 4, FALSE)) -> 0 | D17: =IF(ISBLANK($A17), "", VLOOKUP($A17, 入力シート!$A$7:$J$1000, 6, FALSE)) -> 0 | E17: =IF(ISBLANK($A17), "", VLOOKUP($A17, 入力シート!$A$7:$J$1000, 7, FALSE)) -> 0 | F17: =IF(ISBLANK($A17), "", VLOOKUP($A17, 入力シート!$A$7:$J$1000, 10, FALSE)) -> 0 | G17: =IF(ISBLANK($A17), "", VLOOKUP($A17, 入力シート!$A$7:$J$1000, 9, FALSE)) -> 0 | H17: =IF(ISBLANK($A17), "", VLOOKUP($A17, 入力シート!$A$7:$J$1000, 8, FALSE)) -> 0
A19: 8 | B19: =IF(ISBLANK($A19), "", VLOOKUP($A19, 入力シート!$A$7:$J$1000, 3, FALSE)) -> 0 | C19: =IF(ISBLANK($A19), "", VLOOKUP($A19, 入力シート!$A$7:$J$1000, 4, FALSE)) -> 0 | D19: =IF(ISBLANK($A19), "", VLOOKUP($A19, 入力シート!$A$7:$J$1000, 6, FALSE)) -> 0 | E19: =IF(ISBLANK($A19), "", VLOOKUP($A19, 入力シート!$A$7:$J$1000, 7, FALSE)) -> 0 | F19: =IF(ISBLANK($A19), "", VLOOKUP($A19, 入力シート!$A$7:$J$1000, 10, FALSE)) -> 0 | G19: =IF(ISBLANK($A19), "", VLOOKUP($A19, 入力シート!$A$7:$J$1000, 9, FALSE)) -> 0 | H19: =IF(ISBLANK($A19), "", VLOOKUP($A19, 入力シート!$A$7:$J$1000, 8, FALSE)) -> 0
A21: 9 | B21: =IF(ISBLANK($A21), "", VLOOKUP($A21, 入力シート!$A$7:$J$1000, 3, FALSE)) -> 0 | C21: =IF(ISBLANK($A21), "", VLOOKUP($A21, 入力シート!$A$7:$J$1000, 4, FALSE)) -> 0 | D21: =IF(ISBLANK($A21), "", VLOOKUP($A21, 入力シート!$A$7:$J$1000, 6, FALSE)) -> 0 | E21: =IF(ISBLANK($A21), "", VLOOKUP($A21, 入力シート!$A$7:$J$1000, 7, FALSE)) -> 0 | F21: =IF(ISBLANK($A21), "", VLOOKUP($A21, 入力シート!$A$7:$J$1000, 10, FALSE)) -> 0 | G21: =IF(ISBLANK($A21), "", VLOOKUP($A21, 入力シート!$A$7:$J$1000, 9, FALSE)) -> 0 | H21: =IF(ISBLANK($A21), "", VLOOKUP($A21, 入力シート!$A$7:$J$1000, 8, FALSE)) -> 0
A23: 10 | B23: =IF(ISBLANK($A23), "", VLOOKUP($A23, 入力シート!$A$7:$J$1000, 3, FALSE)) -> 0 | C23: =IF(ISBLANK($A23), "", VLOOKUP($A23, 入力シート!$A$7:$J$1000, 4, FALSE)) -> 0 | D23: =IF(ISBLANK($A23), "", VLOOKUP($A23, 入力シート!$A$7:$J$1000, 6, FALSE)) -> 0 | E23: =IF(ISBLANK($A23), "", VLOOKUP($A23, 入力シート!$A$7:$J$1000, 7, FALSE)) -> 0 | F23: =IF(ISBLANK($A23), "", VLOOKUP($A23, 入力シート!$A$7:$J$1000, 10, FALSE)) -> 0 | G23: =IF(ISBLANK($A23), "", VLOOKUP($A23, 入力シート!$A$7:$J$1000, 9, FALSE)) -> 0 | H23: =IF(ISBLANK($A23), "", VLOOKUP($A23, 入力シート!$A$7:$J$1000, 8, FALSE)) -> 0
A25: 11 | B25: =IF(ISBLANK($A25), "", VLOOKUP($A25, 入力シート!$A$7:$J$1000, 3, FALSE)) -> 0 | C25: =IF(ISBLANK($A25), "", VLOOKUP($A25, 入力シート!$A$7:$J$1000, 4, FALSE)) -> 0 | D25: =IF(ISBLANK($A25), "", VLOOKUP($A25, 入力シート!$A$7:$J$1000, 6, FALSE)) -> 0 | E25: =IF(ISBLANK($A25), "", VLOOKUP($A25, 入力シート!$A$7:$J$1000, 7, FALSE)) -> 0 | F25: =IF(ISBLANK($A25), "", VLOOKUP($A25, 入力シート!$A$7:$J$1000, 10, FALSE)) -> 0 | G25: =IF(ISBLANK($A25), "", VLOOKUP($A25, 入力シート!$A$7:$J$1000, 9, FALSE)) -> 0 | H25: =IF(ISBLANK($A25), "", VLOOKUP($A25, 入力シート!$A$7:$J$1000, 8, FALSE)) -> 0
A27: 12 | B27: =IF(ISBLANK($A27), "", VLOOKUP($A27, 入力シート!$A$7:$J$1000, 3, FALSE)) -> 0 | C27: =IF(ISBLANK($A27), "", VLOOKUP($A27, 入力シート!$A$7:$J$1000, 4, FALSE)) -> 0 | D27: =IF(ISBLANK($A27), "", VLOOKUP($A27, 入力シート!$A$7:$J$1000, 6, FALSE)) -> 0 | E27: =IF(ISBLANK($A27), "", VLOOKUP($A27, 入力シート!$A$7:$J$1000, 7, FALSE)) -> 0 | F27: =IF(ISBLANK($A27), "", VLOOKUP($A27, 入力シート!$A$7:$J$1000, 10, FALSE)) -> 0 | G27: =IF(ISBLANK($A27), "", VLOOKUP($A27, 入力シート!$A$7:$J$1000, 9, FALSE)) -> 0 | H27: =IF(ISBLANK($A27), "", VLOOKUP($A27, 入力シート!$A$7:$J$1000, 8, FALSE)) -> 0
... A31: 14 | B31: =IF(ISBLANK($A31), "", VLOOKUP($A31, 入力シート!$A$7:$J$1000, 3, FALSE)) -> 0 | C31: =IF(ISBLANK($A31), "", VLOOKUP($A31, 入力シート!$A$7:$J$1000, 4, FALSE)) -> 0 | D31: =IF(ISBLANK($A31), "", VLOOKUP($A31, 入力シート!$A$7:$J$1000, 6, FALSE)) -> 0 | E31: =IF(ISBLANK($A31), "", VLOOKUP($A31, 入力シート!$A$7:$J$1000, 7, FALSE)) -> 0 | F31: =IF(ISBLANK($A31), "", VLOOKUP($A31, 入力シート!$A$7:$J$1000, 10, FALSE)) -> 0 | G31: =IF(ISBLANK($A31), "", VLOOKUP($A31, 入力シート!$A$7:$J$1000, 9, FALSE)) -> 0 | H31: =IF(ISBLANK($A31), "", VLOOKUP($A31, 入力シート!$A$7:$J$1000, 8, FALSE)) -> 0

Sheet 所有者調書(中野)
B1: 土 地 所 有 者 調 書
B3: 土地所在 | C3: 地番 | D3: 地目 | E3: 地積 | F3: 所有者名 | G3: 土地登記簿上の住所
G4: 住民登録してある住所
A5: 1 | B5: =IF(ISBLANK($A5), "", VLOOKUP($A5, 入力シート!$A$7:$J$1000, 3, FALSE)) -> #REF! | C5: =IF(ISBLANK($A5), "", VLOOKUP($A5, 入力シート!$A$7:$J$1000, 4, FALSE)) -> #REF! | D5: =IF(ISBLANK($A5), "", VLOOKUP($A5, 入力シート!$A$7:$J$1000, 6, FALSE)) -> #REF! | E5: =IF(ISBLANK($A5), "", VLOOKUP($A5, 入力シート!$A$7:$J$1000, 7, FALSE)) -> #REF! | F5: =IF(ISBLANK($A5), "", VLOOKUP($A5, 入力シート!$A$7:$J$1000, 9, FALSE)) -> #REF! | G5: =IF(ISBLANK($A5), "", VLOOKUP($A5, 入力シート!$A$7:$J$1000, 8, FALSE)) -> #REF!
A7: 2 | B7: =IF(ISBLANK($A7), "", VLOOKUP($A7, 入力シート!$A$7:$J$1000, 3, FALSE)) -> #REF! | C7: =IF(ISBLANK($A7), "", VLOOKUP($A7, 入力シート!$A$7:$J$1000, 4, FALSE)) -> #REF! | D7: =IF(ISBLANK($A7), "", VLOOKUP($A7, 入力シート!$A$7:$J$1000, 6, FALSE)) -> #REF! | E7: =IF(ISBLANK($A7), "", VLOOKUP($A7, 入力シート!$A$7:$J$1000, 7, FALSE)) -> #REF! | F7: =IF(ISBLANK($A7), "", VLOOKUP($A7, 入力シート!$A$7:$J$1000, 9, FALSE)) -> #REF! | G7: =IF(ISBLANK($A7), "", VLOOKUP($A7, 入力シート!$A$7:$J$1000, 8, FALSE)) -> #REF!
A9: 3 | B9: =IF(ISBLANK($A9), "", VLOOKUP($A9, 入力シート!$A$7:$J$1000, 3, FALSE)) -> #REF! | C9: =IF(ISBLANK($A9), "", VLOOKUP($A9, 入力シート!$A$7:$J$1000, 4, FALSE)) -> #REF! | D9: =IF(ISBLANK($A9), "", VLOOKUP($A9, 入力シート!$A$7:$J$1000, 6, FALSE)) -> #REF! | E9: =IF(ISBLANK($A9), "", VLOOKUP($A9, 入力シート!$A$7:$J$1000, 7, FALSE)) -> #REF! | F9: =IF(ISBLANK($A9), "", VLOOKUP($A9, 入力シート!$A$7:$J$1000, 9, FALSE)) -> #REF! | G9: =IF(ISBLANK($A9), "", VLOOKUP($A9, 入力シート!$A$7:$J$1000, 8, FALSE)) -> #REF!
A11: 4 | B11: =IF(ISBLANK($A11), "", VLOOKUP($A11, 入力シート!$A$7:$J$1000, 3, FALSE)) -> #REF! | C11: =IF(ISBLANK($A11), "", VLOOKUP($A11, 入力シート!$A$7:$J$1000, 4, FALSE)) -> #REF! | D11: =IF(ISBLANK($A11), "", VLOOKUP($A11, 入力シート!$A$7:$J$1000, 6, FALSE)) -> #REF! | E11: =IF(ISBLANK($A11), "", VLOOKUP($A11, 入力シート!$A$7:$J$1000, 7, FALSE)) -> #REF! | F11: =IF(ISBLANK($A11), "", VLOOKUP($A11, 入力シート!$A$7:$J$1000, 9, FALSE)) -> #REF! | G11: =IF(ISBLANK($A11), "", VLOOKUP($A11, 入力シート!$A$7:$J$1000, 8, FALSE)) -> #REF!
A13: 5 | B13: =IF(ISBLANK($A13), "", VLOOKUP($A13, 入力シート!$A$7:$J$1000, 3, FALSE)) -> #REF! | C13: =IF(ISBLANK($A13), "", VLOOKUP($A13, 入力シート!$A$7:$J$1000, 4, FALSE)) -> #REF! | D13: =IF(ISBLANK($A13), "", VLOOKUP($A13, 入力シート!$A$7:$J$1000, 6, FALSE)) -> #REF! | E13: =IF(ISBLANK($A13), "", VLOOKUP($A13, 入力シート!$A$7:$J$1000, 7, FALSE)) -> #REF! | F13: =IF(ISBLANK($A13), "", VLOOKUP($A13, 入力シート!$A$7:$J$1000, 9, FALSE)) -> #REF! | G13: =IF(ISBLANK($A13), "", VLOOKUP($A13, 入力シート!$A$7:$J$1000, 8, FALSE)) -> #REF!
A15: 6 | B15: =IF(ISBLANK($A15), "", VLOOKUP($A15, 入力シート!$A$7:$J$1000, 3, FALSE)) -> #REF! | C15: =IF(ISBLANK($A15), "", VLOOKUP($A15, 入力シート!$A$7:$J$1000, 4, FALSE)) -> #REF! | D15: =IF(ISBLANK($A15), "", VLOOKUP($A15, 入力シート!$A$7:$J$1000, 6, FALSE)) -> #REF! | E15: =IF(ISBLANK($A15), "", VLOOKUP($A15, 入力シート!$A$7:$J$1000, 7, FALSE)) -> #REF! | F15: =IF(ISBLANK($A15), "", VLOOKUP($A15, 入力シート!$A$7:$J$1000, 9, FALSE)) -> #REF! | G15: =IF(ISBLANK($A15), "", VLOOKUP($A15, 入力シート!$A$7:$J$1000, 8, FALSE)) -> #REF!
A17: 7 | B17: =IF(ISBLANK($A17), "", VLOOKUP($A17, 入力シート!$A$7:$J$1000, 3, FALSE)) -> 0 | C17: =IF(ISBLANK($A17), "", VLOOKUP($A17, 入力シート!$A$7:$J$1000, 4, FALSE)) -> 0 | D17: =IF(ISBLANK($A17), "", VLOOKUP($A17, 入力シート!$A$7:$J$1000, 6, FALSE)) -> 0 | E17: =IF(ISBLANK($A17), "", VLOOKUP($A17, 入力シート!$A$7:$J$1000, 7, FALSE)) -> 0 | F17: =IF(ISBLANK($A17), "", VLOOKUP($A17, 入力シート!$A$7:$J$1000, 9, FALSE)) -> 0 | G17: =IF(ISBLANK($A17), "", VLOOKUP($A17, 入力シート!$A$7:$J$1000, 8, FALSE)) -> 0
A19: 8 | B19: =IF(ISBLANK($A19), "", VLOOKUP($A19, 入力シート!$A$7:$J$1000, 3, FALSE)) -> 0 | C19: =IF(ISBLANK($A19), "", VLOOKUP($A19, 入力シート!$A$7:$J$1000, 4, FALSE)) -> 0 | D19: =IF(ISBLANK($A19), "", VLOOKUP($A19, 入力シート!$A$7:$J$1000, 6, FALSE)) -> 0 | E19: =IF(ISBLANK($A19), "", VLOOKUP($A19, 入力シート!$A$7:$J$1000, 7, FALSE)) -> 0 | F19: =IF(ISBLANK($A19), "", VLOOKUP($A19, 入力シート!$A$7:$J$1000, 9, FALSE)) -> 0 | G19: =IF(ISBLANK($A19), "", VLOOKUP($A19, 入力シート!$A$7:$J$1000, 8, FALSE)) -> 0
A21: 9 | B21: =IF(ISBLANK($A21), "", VLOOKUP($A21, 入力シート!$A$7:$J$1000, 3, FALSE)) -> 0 | C21: =IF(ISBLANK($A21), "", VLOOKUP($A21, 入力シート!$A$7:$J$1000, 4, FALSE)) -> 0 | D21: =IF(ISBLANK($A21), "", VLOOKUP($A21, 入力シート!$A$7:$J$1000, 6, FALSE)) -> 0 | E21: =IF(ISBLANK($A21), "", VLOOKUP($A21, 入力シート!$A$7:$J$1000, 7, FALSE)) -> 0 | F21: =IF(ISBLANK($A21), "", VLOOKUP($A21, 入力シート!$A$7:$J$1000, 9, FALSE)) -> 0 | G21: =IF(ISBLANK($A21), "", VLOOKUP($A21, 入力シート!$A$7:$J$1000, 8, FALSE)) -> 0
A23: 10 | B23: =IF(ISBLANK($A23), "", VLOOKUP($A23, 入力シート!$A$7:$J$1000, 3, FALSE)) -> 0 | C23: =IF(ISBLANK($A23), "", VLOOKUP($A23, 入力シート!$A$7:$J$1000, 4, FALSE)) -> 0 | D23: =IF(ISBLANK($A23), "", VLOOKUP($A23, 入力シート!$A$7:$J$1000, 6, FALSE)) -> 0 | E23: =IF(ISBLANK($A23), "", VLOOKUP($A23, 入力シート!$A$7:$J$1000, 7, FALSE)) -> 0 | F23: =IF(ISBLANK($A23), "", VLOOKUP($A23, 入力シート!$A$7:$J$1000, 9, FALSE)) -> 0 | G23: =IF(ISBLANK($A23), "", VLOOKUP($A23, 入力シート!$A$7:$J$1000, 8, FALSE)) -> 0
A25: 11 | B25: =IF(ISBLANK($A25), "", VLOOKUP($A25, 入力シート!$A$7:$J$1000, 3, FALSE)) -> 0 | C25: =IF(ISBLANK($A25), "", VLOOKUP($A25, 入力シート!$A$7:$J$1000, 4, FALSE)) -> 0 | D25: =IF(ISBLANK($A25), "", VLOOKUP($A25, 入力シート!$A$7:$J$1000, 6, FALSE)) -> 0 | E25: =IF(ISBLANK($A25), "", VLOOKUP($A25, 入力シート!$A$7:$J$1000, 7, FALSE)) -> 0 | F25: =IF(ISBLANK($A25), "", VLOOKUP($A25, 入力シート!$A$7:$J$1000, 9, FALSE)) -> 0 | G25: =IF(ISBLANK($A25), "", VLOOKUP($A25, 入力シート!$A$7:$J$1000, 8, FALSE)) -> 0
A27: 12 | B27: =IF(ISBLANK($A27), "", VLOOKUP($A27, 入力シート!$A$7:$J$1000, 3, FALSE)) -> 0 | C27: =IF(ISBLANK($A27), "", VLOOKUP($A27, 入力シート!$A$7:$J$1000, 4, FALSE)) -> 0 | D27: =IF(ISBLANK($A27), "", VLOOKUP($A27, 入力シート!$A$7:$J$1000, 6, FALSE)) -> 0 | E27: =IF(ISBLANK($A27), "", VLOOKUP($A27, 入力シート!$A$7:$J$1000, 7, FALSE)) -> 0 | F27: =IF(ISBLANK($A27), "", VLOOKUP($A27, 入力シート!$A$7:$J$1000, 9, FALSE)) -> 0 | G27: =IF(ISBLANK($A27), "", VLOOKUP($A27, 入力シート!$A$7:$J$1000, 8, FALSE)) -> 0
... A31: 14 | B31: =IF(ISBLANK($A31), "", VLOOKUP($A31, 入力シート!$A$7:$J$1000, 3, FALSE)) -> 0 | C31: =IF(ISBLANK($A31), "", VLOOKUP($A31, 入力シート!$A$7:$J$1000, 4, FALSE)) -> 0 | D31: =IF(ISBLANK($A31), "", VLOOKUP($A31, 入力シート!$A$7:$J$1000, 6, FALSE)) -> 0 | E31: =IF(ISBLANK($A31), "", VLOOKUP($A31, 入力シート!$A$7:$J$1000, 7, FALSE)) -> 0 | F31: =IF(ISBLANK($A31), "", VLOOKUP($A31, 入力シート!$A$7:$J$1000, 9, FALSE)) -> 0 | G31: =IF(ISBLANK($A31), "", VLOOKUP($A31, 入力シート!$A$7:$J$1000, 8, FALSE)) -> 0

Sheet 所有者調書(文京)
B1: 土 地 所 有 者 一 覧 表
B3: 土地の所在 （地番） | C3: 地目 | D3: 地積㎡ | E3: 登記 年月日 | F3: 土地所有者名 | G3: 登記事項証明書の住所 | H3: 備考
G4: 住民登録の住所
A5: 1 | B5: =IF(ISBLANK($A5), "", VLOOKUP($A5, 入力シート!$A$7:$J$1000, 3, FALSE)) -> #REF! | C5: =IF(ISBLANK($A5), "", VLOOKUP($A5, 入力シート!$A$7:$J$1000, 6, FALSE)) -> #REF! | D5: =IF(ISBLANK($A5), "", VLOOKUP($A5, 入力シート!$A$7:$J$1000, 7, FALSE)) -> #REF! | E5: =IF(ISBLANK($A5), "", VLOOKUP($A5, 入力シート!$A$7:$J$1000, 10, FALSE)) -> #REF! | F5: =IF(ISBLANK($A5), "", VLOOKUP($A5, 入力シート!$A$7:$J$1000, 9, FALSE)) -> #REF! | G5: =IF(ISBLANK($A5), "", VLOOKUP($A5, 入力シート!$A$7:$J$1000, 8, FALSE)) -> #REF!
B6: =IF(ISBLANK($A5), "", VLOOKUP($A5, 入力シート!$A$7:$J$1000, 4, FALSE)) -> #REF!
A7: 2 | B7: =IF(ISBLANK($A7), "", VLOOKUP($A7, 入力シート!$A$7:$J$1000, 3, FALSE)) -> #REF! | C7: =IF(ISBLANK($A7), "", VLOOKUP($A7, 入力シート!$A$7:$J$1000, 6, FALSE)) -> #REF! | D7: =IF(ISBLANK($A7), "", VLOOKUP($A7, 入力シート!$A$7:$J$1000, 7, FALSE)) -> #REF! | E7: =IF(ISBLANK($A7), "", VLOOKUP($A7, 入力シート!$A$7:$J$1000, 10, FALSE)) -> #REF! | F7: =IF(ISBLANK($A7), "", VLOOKUP($A7, 入力シート!$A$7:$J$1000, 9, FALSE)) -> #REF! | G7: =IF(ISBLANK($A7), "", VLOOKUP($A7, 入力シート!$A$7:$J$1000, 8, FALSE)) -> #REF!
B8: =IF(ISBLANK($A7), "", VLOOKUP($A7, 入力シート!$A$7:$J$1000, 4, FALSE)) -> #REF!
A9: 3 | B9: =IF(ISBLANK($A9), "", VLOOKUP($A9, 入力シート!$A$7:$J$1000, 3, FALSE)) -> #REF! | C9: =IF(ISBLANK($A9), "", VLOOKUP($A9, 入力シート!$A$7:$J$1000, 6, FALSE)) -> #REF! | D9: =IF(ISBLANK($A9), "", VLOOKUP($A9, 入力シート!$A$7:$J$1000, 7, FALSE)) -> #REF! | E9: =IF(ISBLANK($A9), "", VLOOKUP($A9, 入力シート!$A$7:$J$1000, 10, FALSE)) -> #REF! | F9: =IF(ISBLANK($A9), "", VLOOKUP($A9, 入力シート!$A$7:$J$1000, 9, FALSE)) -> #REF! | G9: =IF(ISBLANK($A9), "", VLOOKUP($A9, 入力シート!$A$7:$J$1000, 8, FALSE)) -> #REF!
B10: =IF(ISBLANK($A9), "", VLOOKUP($A9, 入力シート!$A$7:$J$1000, 4, FALSE)) -> #REF!
A11: 4 | B11: =IF(ISBLANK($A11), "", VLOOKUP($A11, 入力シート!$A$7:$J$1000, 3, FALSE)) -> #REF! | C11: =IF(ISBLANK($A11), "", VLOOKUP($A11, 入力シート!$A$7:$J$1000, 6, FALSE)) -> #REF! | D11: =IF(ISBLANK($A11), "", VLOOKUP($A11, 入力シート!$A$7:$J$1000, 7, FALSE)) -> #REF! | E11: =IF(ISBLANK($A11), "", VLOOKUP($A11, 入力シート!$A$7:$J$1000, 10, FALSE)) -> #REF! | F11: =IF(ISBLANK($A11), "", VLOOKUP($A11, 入力シート!$A$7:$J$1000, 9, FALSE)) -> #REF! | G11: =IF(ISBLANK($A11), "", VLOOKUP($A11, 入力シート!$A$7:$J$1000, 8, FALSE)) -> #REF!
B12: =IF(ISBLANK($A11), "", VLOOKUP($A11, 入力シート!$A$7:$J$1000, 4, FALSE)) -> #REF!
A13: 5 | B13: =IF(ISBLANK($A13), "", VLOOKUP($A13, 入力シート!$A$7:$J$1000, 3, FALSE)) -> #REF! | C13: =IF(ISBLANK($A13), "", VLOOKUP($A13, 入力シート!$A$7:$J$1000, 6, FALSE)) -> #REF! | D13: =IF(ISBLANK($A13), "", VLOOKUP($A13, 入力シート!$A$7:$J$1000, 7, FALSE)) -> #REF! | E13: =IF(ISBLANK($A13), "", VLOOKUP($A13, 入力シート!$A$7:$J$1000, 10, FALSE)) -> #REF! | F13: =IF(ISBLANK($A13), "", VLOOKUP($A13, 入力シート!$A$7:$J$1000, 9, FALSE)) -> #REF! | G13: =IF(ISBLANK($A13), "", VLOOKUP($A13, 入力シート!$A$7:$J$1000, 8, FALSE)) -> #REF!
B14: =IF(ISBLANK($A13), "", VLOOKUP($A13, 入力シート!$A$7:$J$1000, 4, FALSE)) -> #REF!
A15: 6 | B15: =IF(ISBLANK($A15), "", VLOOKUP($A15, 入力シート!$A$7:$J$1000, 3, FALSE)) -> #REF! | C15: =IF(ISBLANK($A15), "", VLOOKUP($A15, 入力シート!$A$7:$J$1000, 6, FALSE)) -> #REF! | D15: =IF(ISBLANK($A15), "", VLOOKUP($A15, 入力シート!$A$7:$J$1000, 7, FALSE)) -> #REF! | E15: =IF(ISBLANK($A15), "", VLOOKUP($A15, 入力シート!$A$7:$J$1000, 10, FALSE)) -> #REF! | F15: =IF(ISBLANK($A15), "", VLOOKUP($A15, 入力シート!$A$7:$J$1000, 9, FALSE)) -> #REF! | G15: =IF(ISBLANK($A15), "", VLOOKUP($A15, 入力シート!$A$7:$J$1000, 8, FALSE)) -> #REF!
B16: =IF(ISBLANK($A15), "", VLOOKUP($A15, 入力シート!$A$7:$J$1000, 4, FALSE)) -> #REF!
A17: 7 | B17: =IF(ISBLANK($A17), "", VLOOKUP($A17, 入力シート!$A$7:$J$1000, 3, FALSE)) -> 0 | C17: =IF(ISBLANK($A17), "", VLOOKUP($A17, 入力シート!$A$7:$J$1000, 6, FALSE)) -> 0 | D17: =IF(ISBLANK($A17), "", VLOOKUP($A17, 入力シート!$A$7:$J$1000, 7, FALSE)) -> 0 | E17: =IF(ISBLANK($A17), "", VLOOKUP($A17, 入力シート!$A$7:$J$1000, 10, FALSE)) -> 0 | F17: =IF(ISBLANK($A17), "", VLOOKUP($A17, 入力シート!$A$7:$J$1000, 9, FALSE)) -> 0 | G17: =IF(ISBLANK($A17), "", VLOOKUP($A17, 入力シート!$A$7:$J$1000, 8, FALSE)) -> 0
B18: =IF(ISBLANK($A17), "", VLOOKUP($A17, 入力シート!$A$7:$J$1000, 4, FALSE)) -> 0
A19: 8 | B19: =IF(ISBLANK($A19), "", VLOOKUP($A19, 入力シート!$A$7:$J$1000, 3, FALSE)) -> 0 | C19: =IF(ISBLANK($A19), "", VLOOKUP($A19, 入力シート!$A$7:$J$1000, 6, FALSE)) -> 0 | D19: =IF(ISBLANK($A19), "", VLOOKUP($A19, 入力シート!$A$7:$J$1000, 7, FALSE)) -> 0 | E19: =IF(ISBLANK($A19), "", VLOOKUP($A19, 入力シート!$A$7:$J$1000, 10, FALSE)) -> 0 | F19: =IF(ISBLANK($A19), "", VLOOKUP($A19, 入力シート!$A$7:$J$1000, 9, FALSE)) -> 0 | G19: =IF(ISBLANK($A19), "", VLOOKUP($A19, 入力シート!$A$7:$J$1000, 8, FALSE)) -> 0
B20: =IF(ISBLANK($A19), "", VLOOKUP($A19, 入力シート!$A$7:$J$1000, 4, FALSE)) -> 0
A21: 9 | B21: =IF(ISBLANK($A21), "", VLOOKUP($A21, 入力シート!$A$7:$J$1000, 3, FALSE)) -> 0 | C21: =IF(ISBLANK($A21), "", VLOOKUP($A21, 入力シート!$A$7:$J$1000, 6, FALSE)) -> 0 | D21: =IF(ISBLANK($A21), "", VLOOKUP($A21, 入力シート!$A$7:$J$1000, 7, FALSE)) -> 0 | E21: =IF(ISBLANK($A21), "", VLOOKUP($A21, 入力シート!$A$7:$J$1000, 10, FALSE)) -> 0 | F21: =IF(ISBLANK($A21), "", VLOOKUP($A21, 入力シート!$A$7:$J$1000, 9, FALSE)) -> 0 | G21: =IF(ISBLANK($A21), "", VLOOKUP($A21, 入力シート!$A$7:$J$1000, 8, FALSE)) -> 0
B22: =IF(ISBLANK($A21), "", VLOOKUP($A21, 入力シート!$A$7:$J$1000, 4, FALSE)) -> 0
A23: 10 | B23: =IF(ISBLANK($A23), "", VLOOKUP($A23, 入力シート!$A$7:$J$1000, 3, FALSE)) -> 0 | C23: =IF(ISBLANK($A23), "", VLOOKUP($A23, 入力シート!$A$7:$J$1000, 6, FALSE)) -> 0 | D23: =IF(ISBLANK($A23), "", VLOOKUP($A23, 入力シート!$A$7:$J$1000, 7, FALSE)) -> 0 | E23: =IF(ISBLANK($A23), "", VLOOKUP($A23, 入力シート!$A$7:$J$1000, 10, FALSE)) -> 0 | F23: =IF(ISBLANK($A23), "", VLOOKUP($A23, 入力シート!$A$7:$J$1000, 9, FALSE)) -> 0 | G23: =IF(ISBLANK($A23), "", VLOOKUP($A23, 入力シート!$A$7:$J$1000, 8, FALSE)) -> 0
B24: =IF(ISBLANK($A23), "", VLOOKUP($A23, 入力シート!$A$7:$J$1000, 4, FALSE)) -> 0
A25: 11 | B25: =IF(ISBLANK($A25), "", VLOOKUP($A25, 入力シート!$A$7:$J$1000, 3, FALSE)) -> 0 | C25: =IF(ISBLANK($A25), "", VLOOKUP($A25, 入力シート!$A$7:$J$1000, 6, FALSE)) -> 0 | D25: =IF(ISBLANK($A25), "", VLOOKUP($A25, 入力シート!$A$7:$J$1000, 7, FALSE)) -> 0 | E25: =IF(ISBLANK($A25), "", VLOOKUP($A25, 入力シート!$A$7:$J$1000, 10, FALSE)) -> 0 | F25: =IF(ISBLANK($A25), "", VLOOKUP($A25, 入力シート!$A$7:$J$1000, 9, FALSE)) -> 0 | G25: =IF(ISBLANK($A25), "", VLOOKUP($A25, 入力シート!$A$7:$J$1000, 8, FALSE)) -> 0
B26: =IF(ISBLANK($A25), "", VLOOKUP($A25, 入力シート!$A$7:$J$1000, 4, FALSE)) -> 0
A27: 12 | B27: =IF(ISBLANK($A27), "", VLOOKUP($A27, 入力シート!$A$7:$J$1000, 3, FALSE)) -> 0 | C27: =IF(ISBLANK($A27), "", VLOOKUP($A27, 入力シート!$A$7:$J$1000, 6, FALSE)) -> 0 | D27: =IF(ISBLANK($A27), "", VLOOKUP($A27, 入力シート!$A$7:$J$1000, 7, FALSE)) -> 0 | E27: =IF(ISBLANK($A27), "", VLOOKUP($A27, 入力シート!$A$7:$J$1000, 10, FALSE)) -> 0 | F27: =IF(ISBLANK($A27), "", VLOOKUP($A27, 入力シート!$A$7:$J$1000, 9, FALSE)) -> 0 | G27: =IF(ISBLANK($A27), "", VLOOKUP($A27, 入力シート!$A$7:$J$1000, 8, FALSE)) -> 0
B28: =IF(ISBLANK($A27), "", VLOOKUP($A27, 入力シート!$A$7:$J$1000, 4, FALSE)) -> 0
A29: 13 | B29: =IF(ISBLANK($A29), "", VLOOKUP($A29, 入力シート!$A$7:$J$1000, 3, FALSE)) -> 0 | C29: =IF(ISBLANK($A29), "", VLOOKUP($A29, 入力シート!$A$7:$J$1000, 6, FALSE)) -> 0 | D29: =IF(ISBLANK($A29), "", VLOOKUP($A29, 入力シート!$A$7:$J$1000, 7, FALSE)) -> 0 | E29: =IF(ISBLANK($A29), "", VLOOKUP($A29, 入力シート!$A$7:$J$1000, 10, FALSE)) -> 0 | F29: =IF(ISBLANK($A29), "", VLOOKUP($A29, 入力シート!$A$7:$J$1000, 9, FALSE)) -> 0 | G29: =IF(ISBLANK($A29), "", VLOOKUP($A29, 入力シート!$A$7:$J$1000, 8, FALSE)) -> 0
B30: =IF(ISBLANK($A29), "", VLOOKUP($A29, 入力シート!$A$7:$J$1000, 4, FALSE)) -> 0
A31: 14 | B31: =IF(ISBLANK($A31), "", VLOOKUP($A31, 入力シート!$A$7:$J$1000, 3, FALSE)) -> 0 | C31: =IF(ISBLANK($A31), "", VLOOKUP($A31, 入力シート!$A$7:$J$1000, 6, FALSE)) -> 0 | D31: =IF(ISBLANK($A31), "", VLOOKUP($A31, 入力シート!$A$7:$J$1000, 7, FALSE)) -> 0 | E31: =IF(ISBLANK($A31), "", VLOOKUP($A31, 入力シート!$A$7:$J$1000, 10, FALSE)) -> 0 | F31: =IF(ISBLANK($A31), "", VLOOKUP($A31, 入力シート!$A$7:$J$1000, 9, FALSE)) -> 0 | G31: =IF(ISBLANK($A31), "", VLOOKUP($A31, 入力シート!$A$7:$J$1000, 8, FALSE)) -> 0
B32: =IF(ISBLANK($A31), "", VLOOKUP($A31, 入力シート!$A$7:$J$1000, 4, FALSE)) -> 0

Sheet 所有者調書(港)
B1: 土 地 所 有 者 調 書
B3: 土地所在 | C3: 地番 | D3: 地目 | E3: 所有者名 | F3: 土地登記簿上の住所
F4: 現住所
A5: 1 | B5: =IF(ISBLANK($A5), "", VLOOKUP($A5, 入力シート!$A$7:$J$1000, 3, FALSE)) -> #REF! | C5: =IF(ISBLANK($A5), "", VLOOKUP($A5, 入力シート!$A$7:$J$1000, 4, FALSE)) -> #REF! | D5: =IF(ISBLANK($A5), "", VLOOKUP($A5, 入力シート!$A$7:$J$1000, 6, FALSE)) -> #REF! | E5: =IF(ISBLANK($A5), "", VLOOKUP($A5, 入力シート!$A$7:$J$1000, 9, FALSE)) -> #REF! | F5: =IF(ISBLANK($A5), "", VLOOKUP($A5, 入力シート!$A$7:$J$1000, 8, FALSE)) -> #REF!
A7: 2 | B7: =IF(ISBLANK($A7), "", VLOOKUP($A7, 入力シート!$A$7:$J$1000, 3, FALSE)) -> #REF! | C7: =IF(ISBLANK($A7), "", VLOOKUP($A7, 入力シート!$A$7:$J$1000, 4, FALSE)) -> #REF! | D7: =IF(ISBLANK($A7), "", VLOOKUP($A7, 入力シート!$A$7:$J$1000, 6, FALSE)) -> #REF! | E7: =IF(ISBLANK($A7), "", VLOOKUP($A7, 入力シート!$A$7:$J$1000, 9, FALSE)) -> #REF! | F7: =IF(ISBLANK($A7), "", VLOOKUP($A7, 入力シート!$A$7:$J$1000, 8, FALSE)) -> #REF!
A9: 3 | B9: =IF(ISBLANK($A9), "", VLOOKUP($A9, 入力シート!$A$7:$J$1000, 3, FALSE)) -> #REF! | C9: =IF(ISBLANK($A9), "", VLOOKUP($A9, 入力シート!$A$7:$J$1000, 4, FALSE)) -> #REF! | D9: =IF(ISBLANK($A9), "", VLOOKUP($A9, 入力シート!$A$7:$J$1000, 6, FALSE)) -> #REF! | E9: =IF(ISBLANK($A9), "", VLOOKUP($A9, 入力シート!$A$7:$J$1000, 9, FALSE)) -> #REF! | F9: =IF(ISBLANK($A9), "", VLOOKUP($A9, 入力シート!$A$7:$J$1000, 8, FALSE)) -> #REF!
A11: 4 | B11: =IF(ISBLANK($A11), "", VLOOKUP($A11, 入力シート!$A$7:$J$1000, 3, FALSE)) -> #REF! | C11: =IF(ISBLANK($A11), "", VLOOKUP($A11, 入力シート!$A$7:$J$1000, 4, FALSE)) -> #REF! | D11: =IF(ISBLANK($A11), "", VLOOKUP($A11, 入力シート!$A$7:$J$1000, 6, FALSE)) -> #REF! | E11: =IF(ISBLANK($A11), "", VLOOKUP($A11, 入力シート!$A$7:$J$1000, 9, FALSE)) -> #REF! | F11: =IF(ISBLANK($A11), "", VLOOKUP($A11, 入力シート!$A$7:$J$1000, 8, FALSE)) -> #REF!
A13: 5 | B13: =IF(ISBLANK($A13), "", VLOOKUP($A13, 入力シート!$A$7:$J$1000, 3, FALSE)) -> #REF! | C13: =IF(ISBLANK($A13), "", VLOOKUP($A13, 入力シート!$A$7:$J$1000, 4, FALSE)) -> #REF! | D13: =IF(ISBLANK($A13), "", VLOOKUP($A13, 入力シート!$A$7:$J$1000, 6, FALSE)) -> #REF! | E13: =IF(ISBLANK($A13), "", VLOOKUP($A13, 入力シート!$A$7:$J$1000, 9, FALSE)) -> #REF! | F13: =IF(ISBLANK($A13), "", VLOOKUP($A13, 入力シート!$A$7:$J$1000, 8, FALSE)) -> #REF!
A15: 6 | B15: =IF(ISBLANK($A15), "", VLOOKUP($A15, 入力シート!$A$7:$J$1000, 3, FALSE)) -> #REF! | C15: =IF(ISBLANK($A15), "", VLOOKUP($A15, 入力シート!$A$7:$J$1000, 4, FALSE)) -> #REF! | D15: =IF(ISBLANK($A15), "", VLOOKUP($A15, 入力シート!$A$7:$J$1000, 6, FALSE)) -> #REF! | E15: =IF(ISBLANK($A15), "", VLOOKUP($A15, 入力シート!$A$7:$J$1000, 9, FALSE)) -> #REF! | F15: =IF(ISBLANK($A15), "", VLOOKUP($A15, 入力シート!$A$7:$J$1000, 8, FALSE)) -> #REF!
A17: 7 | B17: =IF(ISBLANK($A17), "", VLOOKUP($A17, 入力シート!$A$7:$J$1000, 3, FALSE)) -> 0 | C17: =IF(ISBLANK($A17), "", VLOOKUP($A17, 入力シート!$A$7:$J$1000, 4, FALSE)) -> 0 | D17: =IF(ISBLANK($A17), "", VLOOKUP($A17, 入力シート!$A$7:$J$1000, 6, FALSE)) -> 0 | E17: =IF(ISBLANK($A17), "", VLOOKUP($A17, 入力シート!$A$7:$J$1000, 9, FALSE)) -> 0 | F17: =IF(ISBLANK($A17), "", VLOOKUP($A17, 入力シート!$A$7:$J$1000, 8, FALSE)) -> 0
A19: 8 | B19: =IF(ISBLANK($A19), "", VLOOKUP($A19, 入力シート!$A$7:$J$1000, 3, FALSE)) -> 0 | C19: =IF(ISBLANK($A19), "", VLOOKUP($A19, 入力シート!$A$7:$J$1000, 4, FALSE)) -> 0 | D19: =IF(ISBLANK($A19), "", VLOOKUP($A19, 入力シート!$A$7:$J$1000, 6, FALSE)) -> 0 | E19: =IF(ISBLANK($A19), "", VLOOKUP($A19, 入力シート!$A$7:$J$1000, 9, FALSE)) -> 0 | F19: =IF(ISBLANK($A19), "", VLOOKUP($A19, 入力シート!$A$7:$J$1000, 8, FALSE)) -> 0
A21: 9 | B21: =IF(ISBLANK($A21), "", VLOOKUP($A21, 入力シート!$A$7:$J$1000, 3, FALSE)) -> 0 | C21: =IF(ISBLANK($A21), "", VLOOKUP($A21, 入力シート!$A$7:$J$1000, 4, FALSE)) -> 0 | D21: =IF(ISBLANK($A21), "", VLOOKUP($A21, 入力シート!$A$7:$J$1000, 6, FALSE)) -> 0 | E21: =IF(ISBLANK($A21), "", VLOOKUP($A21, 入力シート!$A$7:$J$1000, 9, FALSE)) -> 0 | F21: =IF(ISBLANK($A21), "", VLOOKUP($A21, 入力シート!$A$7:$J$1000, 8, FALSE)) -> 0
A23: 10 | B23: =IF(ISBLANK($A23), "", VLOOKUP($A23, 入力シート!$A$7:$J$1000, 3, FALSE)) -> 0 | C23: =IF(ISBLANK($A23), "", VLOOKUP($A23, 入力シート!$A$7:$J$1000, 4, FALSE)) -> 0 | D23: =IF(ISBLANK($A23), "", VLOOKUP($A23, 入力シート!$A$7:$J$1000, 6, FALSE)) -> 0 | E23: =IF(ISBLANK($A23), "", VLOOKUP($A23, 入力シート!$A$7:$J$1000, 9, FALSE)) -> 0 | F23: =IF(ISBLANK($A23), "", VLOOKUP($A23, 入力シート!$A$7:$J$1000, 8, FALSE)) -> 0
A25: 11 | B25: =IF(ISBLANK($A25), "", VLOOKUP($A25, 入力シート!$A$7:$J$1000, 3, FALSE)) -> 0 | C25: =IF(ISBLANK($A25), "", VLOOKUP($A25, 入力シート!$A$7:$J$1000, 4, FALSE)) -> 0 | D25: =IF(ISBLANK($A25), "", VLOOKUP($A25, 入力シート!$A$7:$J$1000, 6, FALSE)) -> 0 | E25: =IF(ISBLANK($A25), "", VLOOKUP($A25, 入力シート!$A$7:$J$1000, 9, FALSE)) -> 0 | F25: =IF(ISBLANK($A25), "", VLOOKUP($A25, 入力シート!$A$7:$J$1000, 8, FALSE)) -> 0
B27: 0 | C27: 0 | D27: 0
B29: 0 | C29: 0 | D29: 0
B31: 0 | C31: 0 | D31: 0

Sheet 所有者調書(目黒)
B1: 土 地 所 有 者 調 書
B3: 土地所在 | C3: 地番 | D3: 地目 | E3: 地積 | F3: 登記 年月日 | G3: 所有者名 | H3: 登記簿上の住所
H4: 現在の住所
A5: 1 | B5: =IF(ISBLANK($A5), "", VLOOKUP($A5, 入力シート!$A$7:$J$1000, 3, FALSE)) -> #REF! | C5: =IF(ISBLANK($A5), "", VLOOKUP($A5, 入力シート!$A$7:$J$1000, 4, FALSE)) -> #REF! | D5: =IF(ISBLANK($A5), "", VLOOKUP($A5, 入力シート!$A$7:$J$1000, 6, FALSE)) -> #REF! | E5: =IF(ISBLANK($A5), "", VLOOKUP($A5, 入力シート!$A$7:$J$1000, 7, FALSE)) -> #REF! | F5: =IF(ISBLANK($A5), "", VLOOKUP($A5, 入力シート!$A$7:$J$1000, 10, FALSE)) -> #REF! | G5: =IF(ISBLANK($A5), "", VLOOKUP($A5, 入力シート!$A$7:$J$1000, 9, FALSE)) -> #REF! | H5: =IF(ISBLANK($A5), "", VLOOKUP($A5, 入力シート!$A$7:$J$1000, 8, FALSE)) -> #REF!
A7: 2 | B7: =IF(ISBLANK($A7), "", VLOOKUP($A7, 入力シート!$A$7:$J$1000, 3, FALSE)) -> #REF! | C7: =IF(ISBLANK($A7), "", VLOOKUP($A7, 入力シート!$A$7:$J$1000, 4, FALSE)) -> #REF! | D7: =IF(ISBLANK($A7), "", VLOOKUP($A7, 入力シート!$A$7:$J$1000, 6, FALSE)) -> #REF! | E7: =IF(ISBLANK($A7), "", VLOOKUP($A7, 入力シート!$A$7:$J$1000, 7, FALSE)) -> #REF! | F7: =IF(ISBLANK($A7), "", VLOOKUP($A7, 入力シート!$A$7:$J$1000, 10, FALSE)) -> #REF! | G7: =IF(ISBLANK($A7), "", VLOOKUP($A7, 入力シート!$A$7:$J$1000, 9, FALSE)) -> #REF! | H7: =IF(ISBLANK($A7), "", VLOOKUP($A7, 入力シート!$A$7:$J$1000, 8, FALSE)) -> #REF!
A9: 3 | B9: =IF(ISBLANK($A9), "", VLOOKUP($A9, 入力シート!$A$7:$J$1000, 3, FALSE)) -> #REF! | C9: =IF(ISBLANK($A9), "", VLOOKUP($A9, 入力シート!$A$7:$J$1000, 4, FALSE)) -> #REF! | D9: =IF(ISBLANK($A9), "", VLOOKUP($A9, 入力シート!$A$7:$J$1000, 6, FALSE)) -> #REF! | E9: =IF(ISBLANK($A9), "", VLOOKUP($A9, 入力シート!$A$7:$J$1000, 7, FALSE)) -> #REF! | F9: =IF(ISBLANK($A9), "", VLOOKUP($A9, 入力シート!$A$7:$J$1000, 10, FALSE)) -> #REF! | G9: =IF(ISBLANK($A9), "", VLOOKUP($A9, 入力シート!$A$7:$J$1000, 9, FALSE)) -> #REF! | H9: =IF(ISBLANK($A9), "", VLOOKUP($A9, 入力シート!$A$7:$J$1000, 8, FALSE)) -> #REF!
A11: 4 | B11: =IF(ISBLANK($A11), "", VLOOKUP($A11, 入力シート!$A$7:$J$1000, 3, FALSE)) -> #REF! | C11: =IF(ISBLANK($A11), "", VLOOKUP($A11, 入力シート!$A$7:$J$1000, 4, FALSE)) -> #REF! | D11: =IF(ISBLANK($A11), "", VLOOKUP($A11, 入力シート!$A$7:$J$1000, 6, FALSE)) -> #REF! | E11: =IF(ISBLANK($A11), "", VLOOKUP($A11, 入力シート!$A$7:$J$1000, 7, FALSE)) -> #REF! | F11: =IF(ISBLANK($A11), "", VLOOKUP($A11, 入力シート!$A$7:$J$1000, 10, FALSE)) -> #REF! | G11: =IF(ISBLANK($A11), "", VLOOKUP($A11, 入力シート!$A$7:$J$1000, 9, FALSE)) -> #REF! | H11: =IF(ISBLANK($A11), "", VLOOKUP($A11, 入力シート!$A$7:$J$1000, 8, FALSE)) -> #REF!
A13: 5 | B13: =IF(ISBLANK($A13), "", VLOOKUP($A13, 入力シート!$A$7:$J$1000, 3, FALSE)) -> #REF! | C13: =IF(ISBLANK($A13), "", VLOOKUP($A13, 入力シート!$A$7:$J$1000, 4, FALSE)) -> #REF! | D13: =IF(ISBLANK($A13), "", VLOOKUP($A13, 入力シート!$A$7:$J$1000, 6, FALSE)) -> #REF! | E13: =IF(ISBLANK($A13), "", VLOOKUP($A13, 入力シート!$A$7:$J$1000, 7, FALSE)) -> #REF! | F13: =IF(ISBLANK($A13), "", VLOOKUP($A13, 入力シート!$A$7:$J$1000, 10, FALSE)) -> #REF! | G13: =IF(ISBLANK($A13), "", VLOOKUP($A13, 入力シート!$A$7:$J$1000, 9, FALSE)) -> #REF! | H13: =IF(ISBLANK($A13), "", VLOOKUP($A13, 入力シート!$A$7:$J$1000, 8, FALSE)) -> #REF!
A15: 6 | B15: =IF(ISBLANK($A15), "", VLOOKUP($A15, 入力シート!$A$7:$J$1000, 3, FALSE)) -> #REF! | C15: =IF(ISBLANK($A15), "", VLOOKUP($A15, 入力シート!$A$7:$J$1000, 4, FALSE)) -> #REF! | D15: =IF(ISBLANK($A15), "", VLOOKUP($A15, 入力シート!$A$7:$J$1000, 6, FALSE)) -> #REF! | E15: =IF(ISBLANK($A15), "", VLOOKUP($A15, 入力シート!$A$7:$J$1000, 7, FALSE)) -> #REF! | F15: =IF(ISBLANK($A15), "", VLOOKUP($A15, 入力シート!$A$7:$J$1000, 10, FALSE)) -> #REF! | G15: =IF(ISBLANK($A15), "", VLOOKUP($A15, 入力シート!$A$7:$J$1000, 9, FALSE)) -> #REF! | H15: =IF(ISBLANK($A15), "", VLOOKUP($A15, 入力シート!$A$7:$J$1000, 8, FALSE)) -> #REF!
A17: 7 | B17: =IF(ISBLANK($A17), "", VLOOKUP($A17, 入力シート!$A$7:$J$1000, 3, FALSE)) -> 0 | C17: =IF(ISBLANK($A17), "", VLOOKUP($A17, 入力シート!$A$7:$J$1000, 4, FALSE)) -> 0 | D17: =IF(ISBLANK($A17), "", VLOOKUP($A17, 入力シート!$A$7:$J$1000, 6, FALSE)) -> 0 | E17: =IF(ISBLANK($A17), "", VLOOKUP($A17, 入力シート!$A$7:$J$1000, 7, FALSE)) -> 0 | F17: =IF(ISBLANK($A17), "", VLOOKUP($A17, 入力シート!$A$7:$J$1000, 10, FALSE)) -> 0 | G17: =IF(ISBLANK($A17), "", VLOOKUP($A17, 入力シート!$A$7:$J$1000, 9, FALSE)) -> 0 | H17: =IF(ISBLANK($A17), "", VLOOKUP($A17, 入力シート!$A$7:$J$1000, 8, FALSE)) -> 0
A19: 8 | B19: =IF(ISBLANK($A19), "", VLOOKUP($A19, 入力シート!$A$7:$J$1000, 3, FALSE)) -> 0 | C19: =IF(ISBLANK($A19), "", VLOOKUP($A19, 入力シート!$A$7:$J$1000, 4, FALSE)) -> 0 | D19: =IF(ISBLANK($A19), "", VLOOKUP($A19, 入力シート!$A$7:$J$1000, 6, FALSE)) -> 0 | E19: =IF(ISBLANK($A19), "", VLOOKUP($A19, 入力シート!$A$7:$J$1000, 7, FALSE)) -> 0 | F19: =IF(ISBLANK($A19), "", VLOOKUP($A19, 入力シート!$A$7:$J$1000, 10, FALSE)) -> 0 | G19: =IF(ISBLANK($A19), "", VLOOKUP($A19, 入力シート!$A$7:$J$1000, 9, FALSE)) -> 0 | H19: =IF(ISBLANK($A19), "", VLOOKUP($A19, 入力シート!$A$7:$J$1000, 8, FALSE)) -> 0
A21: 9 | B21: =IF(ISBLANK($A21), "", VLOOKUP($A21, 入力シート!$A$7:$J$1000, 3, FALSE)) -> 0 | C21: =IF(ISBLANK($A21), "", VLOOKUP($A21, 入力シート!$A$7:$J$1000, 4, FALSE)) -> 0 | D21: =IF(ISBLANK($A21), "", VLOOKUP($A21, 入力シート!$A$7:$J$1000, 6, FALSE)) -> 0 | E21: =IF(ISBLANK($A21), "", VLOOKUP($A21, 入力シート!$A$7:$J$1000, 7, FALSE)) -> 0 | F21: =IF(ISBLANK($A21), "", VLOOKUP($A21, 入力シート!$A$7:$J$1000, 10, FALSE)) -> 0 | G21: =IF(ISBLANK($A21), "", VLOOKUP($A21, 入力シート!$A$7:$J$1000, 9, FALSE)) -> 0 | H21: =IF(ISBLANK($A21), "", VLOOKUP($A21, 入力シート!$A$7:$J$1000, 8, FALSE)) -> 0
A23: 10 | B23: =IF(ISBLANK($A23), "", VLOOKUP($A23, 入力シート!$A$7:$J$1000, 3, FALSE)) -> 0 | C23: =IF(ISBLANK($A23), "", VLOOKUP($A23, 入力シート!$A$7:$J$1000, 4, FALSE)) -> 0 | D23: =IF(ISBLANK($A23), "", VLOOKUP($A23, 入力シート!$A$7:$J$1000, 6, FALSE)) -> 0 | E23: =IF(ISBLANK($A23), "", VLOOKUP($A23, 入力シート!$A$7:$J$1000, 7, FALSE)) -> 0 | F23: =IF(ISBLANK($A23), "", VLOOKUP($A23, 入力シート!$A$7:$J$1000, 10, FALSE)) -> 0 | G23: =IF(ISBLANK($A23), "", VLOOKUP($A23, 入力シート!$A$7:$J$1000, 9, FALSE)) -> 0 | H23: =IF(ISBLANK($A23), "", VLOOKUP($A23, 入力シート!$A$7:$J$1000, 8, FALSE)) -> 0
A25: 11 | B25: =IF(ISBLANK($A25), "", VLOOKUP($A25, 入力シート!$A$7:$J$1000, 3, FALSE)) -> 0 | C25: =IF(ISBLANK($A25), "", VLOOKUP($A25, 入力シート!$A$7:$J$1000, 4, FALSE)) -> 0 | D25: =IF(ISBLANK($A25), "", VLOOKUP($A25, 入力シート!$A$7:$J$1000, 6, FALSE)) -> 0 | E25: =IF(ISBLANK($A25), "", VLOOKUP($A25, 入力シート!$A$7:$J$1000, 7, FALSE)) -> 0 | F25: =IF(ISBLANK($A25), "", VLOOKUP($A25, 入力シート!$A$7:$J$1000, 10, FALSE)) -> 0 | G25: =IF(ISBLANK($A25), "", VLOOKUP($A25, 入力シート!$A$7:$J$1000, 9, FALSE)) -> 0 | H25: =IF(ISBLANK($A25), "", VLOOKUP($A25, 入力シート!$A$7:$J$1000, 8, FALSE)) -> 0
B27: 0 | C27: 0 | D27: 0 | E27: 0
B29: 0 | C29: 0 | D29: 0 | E29: 0
B31: 0 | C31: 0 | D31: 0 | E31: 0

Sheet 所有者調書(都・確定)
B1: 土 地 所 有 者 調 書
G2: =TODAY() -> 45779
G3: 調査者氏名 岡藤 央樹 | L3: 調査者氏名 岡藤 央樹
B4: 土地所在 | C4: 地番 | D4: 地目 | E4: 地積 | F4: 所有者名 | G4: 登記簿上の住所 | H4: 摘要欄 | L4: 調査者氏名 笹生 昌史
G5: 現住所
A6: 1 | B6: =IF(ISBLANK($A6), "", VLOOKUP($A6, 入力シート!$A$7:$J$1000, 3, FALSE)) -> #REF! | C6: =IF(ISBLANK($A6), "", VLOOKUP($A6, 入力シート!$A$7:$J$1000, 4, FALSE)) -> #REF! | D6: =IF(ISBLANK($A6), "", VLOOKUP($A6, 入力シート!$A$7:$J$1000, 6, FALSE)) -> #REF! | E6: =IF(ISBLANK($A6), "", VLOOKUP($A6, 入力シート!$A$7:$J$1000, 7, FALSE)) -> #REF! | F6: =IF(ISBLANK($A6), "", VLOOKUP($A6, 入力シート!$A$7:$J$1000, 9, FALSE)) -> #REF! | G6: =IF(ISBLANK($A6), "", VLOOKUP($A6, 入力シート!$A$7:$J$1000, 8, FALSE)) -> #REF!
A8: 2 | B8: =IF(ISBLANK($A8), "", VLOOKUP($A8, 入力シート!$A$7:$J$1000, 3, FALSE)) -> #REF! | C8: =IF(ISBLANK($A8), "", VLOOKUP($A8, 入力シート!$A$7:$J$1000, 4, FALSE)) -> #REF! | D8: =IF(ISBLANK($A8), "", VLOOKUP($A8, 入力シート!$A$7:$J$1000, 6, FALSE)) -> #REF! | E8: =IF(ISBLANK($A8), "", VLOOKUP($A8, 入力シート!$A$7:$J$1000, 7, FALSE)) -> #REF! | F8: =IF(ISBLANK($A8), "", VLOOKUP($A8, 入力シート!$A$7:$J$1000, 9, FALSE)) -> #REF! | G8: =IF(ISBLANK($A8), "", VLOOKUP($A8, 入力シート!$A$7:$J$1000, 8, FALSE)) -> #REF!
A10: 3 | B10: =IF(ISBLANK($A10), "", VLOOKUP($A10, 入力シート!$A$7:$J$1000, 3, FALSE)) -> #REF! | C10: =IF(ISBLANK($A10), "", VLOOKUP($A10, 入力シート!$A$7:$J$1000, 4, FALSE)) -> #REF! | D10: =IF(ISBLANK($A10), "", VLOOKUP($A10, 入力シート!$A$7:$J$1000, 6, FALSE)) -> #REF! | E10: =IF(ISBLANK($A10), "", VLOOKUP($A10, 入力シート!$A$7:$J$1000, 7, FALSE)) -> #REF! | F10: =IF(ISBLANK($A10), "", VLOOKUP($A10, 入力シート!$A$7:$J$1000, 9, FALSE)) -> #REF! | G10: =IF(ISBLANK($A10), "", VLOOKUP($A10, 入力シート!$A$7:$J$1000, 8, FALSE)) -> #REF!
A12: 4 | B12: =IF(ISBLANK($A12), "", VLOOKUP($A12, 入力シート!$A$7:$J$1000, 3, FALSE)) -> #REF! | C12: =IF(ISBLANK($A12), "", VLOOKUP($A12, 入力シート!$A$7:$J$1000, 4, FALSE)) -> #REF! | D12: =IF(ISBLANK($A12), "", VLOOKUP($A12, 入力シート!$A$7:$J$1000, 6, FALSE)) -> #REF! | E12: =IF(ISBLANK($A12), "", VLOOKUP($A12, 入力シート!$A$7:$J$1000, 7, FALSE)) -> #REF! | F12: =IF(ISBLANK($A12), "", VLOOKUP($A12, 入力シート!$A$7:$J$1000, 9, FALSE)) -> #REF! | G12: =IF(ISBLANK($A12), "", VLOOKUP($A12, 入力シート!$A$7:$J$1000, 8, FALSE)) -> #REF!
A14: 5 | B14: =IF(ISBLANK($A14), "", VLOOKUP($A14, 入力シート!$A$7:$J$1000, 3, FALSE)) -> #REF! | C14: =IF(ISBLANK($A14), "", VLOOKUP($A14, 入力シート!$A$7:$J$1000, 4, FALSE)) -> #REF! | D14: =IF(ISBLANK($A14), "", VLOOKUP($A14, 入力シート!$A$7:$J$1000, 6, FALSE)) -> #REF! | E14: =IF(ISBLANK($A14), "", VLOOKUP($A14, 入力シート!$A$7:$J$1000, 7, FALSE)) -> #REF! | F14: =IF(ISBLANK($A14), "", VLOOKUP($A14, 入力シート!$A$7:$J$1000, 9, FALSE)) -> #REF! | G14: =IF(ISBLANK($A14), "", VLOOKUP($A14, 入力シート!$A$7:$J$1000, 8, FALSE)) -> #REF!
A16: 6 | B16: =IF(ISBLANK($A16), "", VLOOKUP($A16, 入力シート!$A$7:$J$1000, 3, FALSE)) -> #REF! | C16: =IF(ISBLANK($A16), "", VLOOKUP($A16, 入力シート!$A$7:$J$1000, 4, FALSE)) -> #REF! | D16: =IF(ISBLANK($A16), "", VLOOKUP($A16, 入力シート!$A$7:$J$1000, 6, FALSE)) -> #REF! | E16: =IF(ISBLANK($A16), "", VLOOKUP($A16, 入力シート!$A$7:$J$1000, 7, FALSE)) -> #REF! | F16: =IF(ISBLANK($A16), "", VLOOKUP($A16, 入力シート!$A$7:$J$1000, 9, FALSE)) -> #REF! | G16: =IF(ISBLANK($A16), "", VLOOKUP($A16, 入力シート!$A$7:$J$1000, 8, FALSE)) -> #REF!
A18: 7 | B18: =IF(ISBLANK($A18), "", VLOOKUP($A18, 入力シート!$A$7:$J$1000, 3, FALSE)) -> 0 | C18: =IF(ISBLANK($A18), "", VLOOKUP($A18, 入力シート!$A$7:$J$1000, 4, FALSE)) -> 0 | D18: =IF(ISBLANK($A18), "", VLOOKUP($A18, 入力シート!$A$7:$J$1000, 6, FALSE)) -> 0 | E18: =IF(ISBLANK($A18), "", VLOOKUP($A18, 入力シート!$A$7:$J$1000, 7, FALSE)) -> 0 | F18: =IF(ISBLANK($A18), "", VLOOKUP($A18, 入力シート!$A$7:$J$1000, 9, FALSE)) -> 0 | G18: =IF(ISBLANK($A18), "", VLOOKUP($A18, 入力シート!$A$7:$J$1000, 8, FALSE)) -> 0
A20: 8 | B20: =IF(ISBLANK($A20), "", VLOOKUP($A20, 入力シート!$A$7:$J$1000, 3, FALSE)) -> 0 | C20: =IF(ISBLANK($A20), "", VLOOKUP($A20, 入力シート!$A$7:$J$1000, 4, FALSE)) -> 0 | D20: =IF(ISBLANK($A20), "", VLOOKUP($A20, 入力シート!$A$7:$J$1000, 6, FALSE)) -> 0 | E20: =IF(ISBLANK($A20), "", VLOOKUP($A20, 入力シート!$A$7:$J$1000, 7, FALSE)) -> 0 | F20: =IF(ISBLANK($A20), "", VLOOKUP($A20, 入力シート!$A$7:$J$1000, 9, FALSE)) -> 0 | G20: =IF(ISBLANK($A20), "", VLOOKUP($A20, 入力シート!$A$7:$J$1000, 8, FALSE)) -> 0
A22: 9 | B22: =IF(ISBLANK($A22), "", VLOOKUP($A22, 入力シート!$A$7:$J$1000, 3, FALSE)) -> 0 | C22: =IF(ISBLANK($A22), "", VLOOKUP($A22, 入力シート!$A$7:$J$1000, 4, FALSE)) -> 0 | D22: =IF(ISBLANK($A22), "", VLOOKUP($A22, 入力シート!$A$7:$J$1000, 6, FALSE)) -> 0 | E22: =IF(ISBLANK($A22), "", VLOOKUP($A22, 入力シート!$A$7:$J$1000, 7, FALSE)) -> 0 | F22: =IF(ISBLANK($A22), "", VLOOKUP($A22, 入力シート!$A$7:$J$1000, 9, FALSE)) -> 0 | G22: =IF(ISBLANK($A22), "", VLOOKUP($A22, 入力シート!$A$7:$J$1000, 8, FALSE)) -> 0
A24: 10 | B24: =IF(ISBLANK($A24), "", VLOOKUP($A24, 入力シート!$A$7:$J$1000, 3, FALSE)) -> 0 | C24: =IF(ISBLANK($A24), "", VLOOKUP($A24, 入力シート!$A$7:$J$1000, 4, FALSE)) -> 0 | D24: =IF(ISBLANK($A24), "", VLOOKUP($A24, 入力シート!$A$7:$J$1000, 6, FALSE)) -> 0 | E24: =IF(ISBLANK($A24), "", VLOOKUP($A24, 入力シート!$A$7:$J$1000, 7, FALSE)) -> 0 | F24: =IF(ISBLANK($A24), "", VLOOKUP($A24, 入力シート!$A$7:$J$1000, 9, FALSE)) -> 0 | G24: =IF(ISBLANK($A24), "", VLOOKUP($A24, 入力シート!$A$7:$J$1000, 8, FALSE)) -> 0
A26: 11 | B26: =IF(ISBLANK($A26), "", VLOOKUP($A26, 入力シート!$A$7:$J$1000, 3, FALSE)) -> 0 | C26: =IF(ISBLANK($A26), "", VLOOKUP($A26, 入力シート!$A$7:$J$1000, 4, FALSE)) -> 0 | D26: =IF(ISBLANK($A26), "", VLOOKUP($A26, 入力シート!$A$7:$J$1000, 6, FALSE)) -> 0 | E26: =IF(ISBLANK($A26), "", VLOOKUP($A26, 入力シート!$A$7:$J$1000, 7, FALSE)) -> 0 | F26: =IF(ISBLANK($A26), "", VLOOKUP($A26, 入力シート!$A$7:$J$1000, 9, FALSE)) -> 0 | G26: =IF(ISBLANK($A26), "", VLOOKUP($A26, 入力シート!$A$7:$J$1000, 8, FALSE)) -> 0

Sheet 所有者調書(都・区域)
B1: 土 地 所 有 者 調 書
G2: =TODAY() -> 45779
B4: 土地所在 | C4: 地番 | D4: 地目 | E4: 地積 | F4: 所有者名 | G4: 登記簿上の住所 | H4: 登記原因 その年月日
G5: 現住所
A6: 1 | B6: =IF(ISBLANK($A6), "", VLOOKUP($A6, 入力シート!$A$7:$J$1000, 3, FALSE)) -> #REF! | C6: =IF(ISBLANK($A6), "", VLOOKUP($A6, 入力シート!$A$7:$J$1000, 4, FALSE)) -> #REF! | D6: =IF(ISBLANK($A6), "", VLOOKUP($A6, 入力シート!$A$7:$J$1000, 6, FALSE)) -> #REF! | E6: =IF(ISBLANK($A6), "", VLOOKUP($A6, 入力シート!$A$7:$J$1000, 7, FALSE)) -> #REF! | F6: =IF(ISBLANK($A6), "", VLOOKUP($A6, 入力シート!$A$7:$J$1000, 9, FALSE)) -> #REF! | G6: =IF(ISBLANK($A6), "", VLOOKUP($A6, 入力シート!$A$7:$J$1000, 8, FALSE)) -> #REF! | H6: =IF(ISBLANK($A6), "", VLOOKUP($A6, 入力シート!$A$7:$J$1000, 10, FALSE)) -> #REF!
A8: 2 | B8: =IF(ISBLANK($A8), "", VLOOKUP($A8, 入力シート!$A$7:$J$1000, 3, FALSE)) -> #REF! | C8: =IF(ISBLANK($A8), "", VLOOKUP($A8, 入力シート!$A$7:$J$1000, 4, FALSE)) -> #REF! | D8: =IF(ISBLANK($A8), "", VLOOKUP($A8, 入力シート!$A$7:$J$1000, 6, FALSE)) -> #REF! | E8: =IF(ISBLANK($A8), "", VLOOKUP($A8, 入力シート!$A$7:$J$1000, 7, FALSE)) -> #REF! | F8: =IF(ISBLANK($A8), "", VLOOKUP($A8, 入力シート!$A$7:$J$1000, 9, FALSE)) -> #REF! | G8: =IF(ISBLANK($A8), "", VLOOKUP($A8, 入力シート!$A$7:$J$1000, 8, FALSE)) -> #REF! | H8: =IF(ISBLANK($A8), "", VLOOKUP($A8, 入力シート!$A$7:$J$1000, 10, FALSE)) -> #REF!
A10: 3 | B10: =IF(ISBLANK($A10), "", VLOOKUP($A10, 入力シート!$A$7:$J$1000, 3, FALSE)) -> #REF! | C10: =IF(ISBLANK($A10), "", VLOOKUP($A10, 入力シート!$A$7:$J$1000, 4, FALSE)) -> #REF! | D10: =IF(ISBLANK($A10), "", VLOOKUP($A10, 入力シート!$A$7:$J$1000, 6, FALSE)) -> #REF! | E10: =IF(ISBLANK($A10), "", VLOOKUP($A10, 入力シート!$A$7:$J$1000, 7, FALSE)) -> #REF! | F10: =IF(ISBLANK($A10), "", VLOOKUP($A10, 入力シート!$A$7:$J$1000, 9, FALSE)) -> #REF! | G10: =IF(ISBLANK($A10), "", VLOOKUP($A10, 入力シート!$A$7:$J$1000, 8, FALSE)) -> #REF! | H10: =IF(ISBLANK($A10), "", VLOOKUP($A10, 入力シート!$A$7:$J$1000, 10, FALSE)) -> #REF!
A12: 4 | B12: =IF(ISBLANK($A12), "", VLOOKUP($A12, 入力シート!$A$7:$J$1000, 3, FALSE)) -> #REF! | C12: =IF(ISBLANK($A12), "", VLOOKUP($A12, 入力シート!$A$7:$J$1000, 4, FALSE)) -> #REF! | D12: =IF(ISBLANK($A12), "", VLOOKUP($A12, 入力シート!$A$7:$J$1000, 6, FALSE)) -> #REF! | E12: =IF(ISBLANK($A12), "", VLOOKUP($A12, 入力シート!$A$7:$J$1000, 7, FALSE)) -> #REF! | F12: =IF(ISBLANK($A12), "", VLOOKUP($A12, 入力シート!$A$7:$J$1000, 9, FALSE)) -> #REF! | G12: =IF(ISBLANK($A12), "", VLOOKUP($A12, 入力シート!$A$7:$J$1000, 8, FALSE)) -> #REF! | H12: =IF(ISBLANK($A12), "", VLOOKUP($A12, 入力シート!$A$7:$J$1000, 10, FALSE)) -> #REF!
A14: 5 | B14: =IF(ISBLANK($A14), "", VLOOKUP($A14, 入力シート!$A$7:$J$1000, 3, FALSE)) -> #REF! | C14: =IF(ISBLANK($A14), "", VLOOKUP($A14, 入力シート!$A$7:$J$1000, 4, FALSE)) -> #REF! | D14: =IF(ISBLANK($A14), "", VLOOKUP($A14, 入力シート!$A$7:$J$1000, 6, FALSE)) -> #REF! | E14: =IF(ISBLANK($A14), "", VLOOKUP($A14, 入力シート!$A$7:$J$1000, 7, FALSE)) -> #REF! | F14: =IF(ISBLANK($A14), "", VLOOKUP($A14, 入力シート!$A$7:$J$1000, 9, FALSE)) -> #REF! | G14: =IF(ISBLANK($A14), "", VLOOKUP($A14, 入力シート!$A$7:$J$1000, 8, FALSE)) -> #REF! | H14: =IF(ISBLANK($A14), "", VLOOKUP($A14, 入力シート!$A$7:$J$1000, 10, FALSE)) -> #REF!
A16: 6 | B16: =IF(ISBLANK($A16), "", VLOOKUP($A16, 入力シート!$A$7:$J$1000, 3, FALSE)) -> #REF! | C16: =IF(ISBLANK($A16), "", VLOOKUP($A16, 入力シート!$A$7:$J$1000, 4, FALSE)) -> #REF! | D16: =IF(ISBLANK($A16), "", VLOOKUP($A16, 入力シート!$A$7:$J$1000, 6, FALSE)) -> #REF! | E16: =IF(ISBLANK($A16), "", VLOOKUP($A16, 入力シート!$A$7:$J$1000, 7, FALSE)) -> #REF! | F16: =IF(ISBLANK($A16), "", VLOOKUP($A16, 入力シート!$A$7:$J$1000, 9, FALSE)) -> #REF! | G16: =IF(ISBLANK($A16), "", VLOOKUP($A16, 入力シート!$A$7:$J$1000, 8, FALSE)) -> #REF! | H16: =IF(ISBLANK($A16), "", VLOOKUP($A16, 入力シート!$A$7:$J$1000, 10, FALSE)) -> #REF!
A18: 7 | B18: =IF(ISBLANK($A18), "", VLOOKUP($A18, 入力シート!$A$7:$J$1000, 3, FALSE)) -> 0 | C18: =IF(ISBLANK($A18), "", VLOOKUP($A18, 入力シート!$A$7:$J$1000, 4, FALSE)) -> 0 | D18: =IF(ISBLANK($A18), "", VLOOKUP($A18, 入力シート!$A$7:$J$1000, 6, FALSE)) -> 0 | E18: =IF(ISBLANK($A18), "", VLOOKUP($A18, 入力シート!$A$7:$J$1000, 7, FALSE)) -> 0 | F18: =IF(ISBLANK($A18), "", VLOOKUP($A18, 入力シート!$A$7:$J$1000, 9, FALSE)) -> 0 | G18: =IF(ISBLANK($A18), "", VLOOKUP($A18, 入力シート!$A$7:$J$1000, 8, FALSE)) -> 0 | H18: =IF(ISBLANK($A18), "", VLOOKUP($A18, 入力シート!$A$7:$J$1000, 10, FALSE)) -> 0
A20: 8 | B20: =IF(ISBLANK($A20), "", VLOOKUP($A20, 入力シート!$A$7:$J$1000, 3, FALSE)) -> 0 | C20: =IF(ISBLANK($A20), "", VLOOKUP($A20, 入力シート!$A$7:$J$1000, 4, FALSE)) -> 0 | D20: =IF(ISBLANK($A20), "", VLOOKUP($A20, 入力シート!$A$7:$J$1000, 6, FALSE)) -> 0 | E20: =IF(ISBLANK($A20), "", VLOOKUP($A20, 入力シート!$A$7:$J$1000, 7, FALSE)) -> 0 | F20: =IF(ISBLANK($A20), "", VLOOKUP($A20, 入力シート!$A$7:$J$1000, 9, FALSE)) -> 0 | G20: =IF(ISBLANK($A20), "", VLOOKUP($A20, 入力シート!$A$7:$J$1000, 8, FALSE)) -> 0 | H20: =IF(ISBLANK($A20), "", VLOOKUP($A20, 入力シート!$A$7:$J$1000, 10, FALSE)) -> 0
A22: 9 | B22: =IF(ISBLANK($A22), "", VLOOKUP($A22, 入力シート!$A$7:$J$1000, 3, FALSE)) -> 0 | C22: =IF(ISBLANK($A22), "", VLOOKUP($A22, 入力シート!$A$7:$J$1000, 4, FALSE)) -> 0 | D22: =IF(ISBLANK($A22), "", VLOOKUP($A22, 入力シート!$A$7:$J$1000, 6, FALSE)) -> 0 | E22: =IF(ISBLANK($A22), "", VLOOKUP($A22, 入力シート!$A$7:$J$1000, 7, FALSE)) -> 0 | F22: =IF(ISBLANK($A22), "", VLOOKUP($A22, 入力シート!$A$7:$J$1000, 9, FALSE)) -> 0 | G22: =IF(ISBLANK($A22), "", VLOOKUP($A22, 入力シート!$A$7:$J$1000, 8, FALSE)) -> 0 | H22: =IF(ISBLANK($A22), "", VLOOKUP($A22, 入力シート!$A$7:$J$1000, 10, FALSE)) -> 0
A24: 10 | B24: =IF(ISBLANK($A24), "", VLOOKUP($A24, 入力シート!$A$7:$J$1000, 3, FALSE)) -> 0 | C24: =IF(ISBLANK($A24), "", VLOOKUP($A24, 入力シート!$A$7:$J$1000, 4, FALSE)) -> 0 | D24: =IF(ISBLANK($A24), "", VLOOKUP($A24, 入力シート!$A$7:$J$1000, 6, FALSE)) -> 0 | E24: =IF(ISBLANK($A24), "", VLOOKUP($A24, 入力シート!$A$7:$J$1000, 7, FALSE)) -> 0 | F24: =IF(ISBLANK($A24), "", VLOOKUP($A24, 入力シート!$A$7:$J$1000, 9, FALSE)) -> 0 | G24: =IF(ISBLANK($A24), "", VLOOKUP($A24, 入力シート!$A$7:$J$1000, 8, FALSE)) -> 0 | H24: =IF(ISBLANK($A24), "", VLOOKUP($A24, 入力シート!$A$7:$J$1000, 10, FALSE)) -> 0
A26: 11 | B26: =IF(ISBLANK($A26), "", VLOOKUP($A26, 入力シート!$A$7:$J$1000, 3, FALSE)) -> 0 | C26: =IF(ISBLANK($A26), "", VLOOKUP($A26, 入力シート!$A$7:$J$1000, 4, FALSE)) -> 0 | D26: =IF(ISBLANK($A26), "", VLOOKUP($A26, 入力シート!$A$7:$J$1000, 6, FALSE)) -> 0 | E26: =IF(ISBLANK($A26), "", VLOOKUP($A26, 入力シート!$A$7:$J$1000, 7, FALSE)) -> 0 | F26: =IF(ISBLANK($A26), "", VLOOKUP($A26, 入力シート!$A$7:$J$1000, 9, FALSE)) -> 0 | G26: =IF(ISBLANK($A26), "", VLOOKUP($A26, 入力シート!$A$7:$J$1000, 8, FALSE)) -> 0 | H26: =IF(ISBLANK($A26), "", VLOOKUP($A26, 入力シート!$A$7:$J$1000, 10, FALSE)) -> 0

Sheet 所有者調書(財務)1
B1: 様式２
B2: 土 地 所 有 者 調 書
B4: 所在 | C4: 地番 | D4: 地目 | E4: 地積 （㎡） | F4: 取得の原因 及び年月日 | G4: 所有者名 | H4: 不動産登記簿上の住所
H5: 住民登録の住所
A6: 1 | B6: =IF(ISBLANK($A6), "", VLOOKUP($A6, 入力シート!$A$7:$J$1000, 3, FALSE)) -> #REF! | C6: =IF(ISBLANK($A6), "", VLOOKUP($A6, 入力シート!$A$7:$J$1000, 4, FALSE)) -> #REF! | D6: =IF(ISBLANK($A6), "", VLOOKUP($A6, 入力シート!$A$7:$J$1000, 6, FALSE)) -> #REF! | E6: =IF(ISBLANK($A6), "", VLOOKUP($A6, 入力シート!$A$7:$J$1000, 7, FALSE)) -> #REF! | F6: =IF(ISBLANK($A6), "", VLOOKUP($A6, 入力シート!$A$7:$J$1000, 10, FALSE)) -> #REF! | G6: =IF(ISBLANK($A6), "", VLOOKUP($A6, 入力シート!$A$7:$J$1000, 9, FALSE)) -> #REF! | H6: =IF(ISBLANK($A6), "", VLOOKUP($A6, 入力シート!$A$7:$J$1000, 8, FALSE)) -> #REF!
A8: 2 | B8: =IF(ISBLANK($A8), "", VLOOKUP($A8, 入力シート!$A$7:$J$1000, 3, FALSE)) -> #REF! | C8: =IF(ISBLANK($A8), "", VLOOKUP($A8, 入力シート!$A$7:$J$1000, 4, FALSE)) -> #REF! | D8: =IF(ISBLANK($A8), "", VLOOKUP($A8, 入力シート!$A$7:$J$1000, 6, FALSE)) -> #REF! | E8: =IF(ISBLANK($A8), "", VLOOKUP($A8, 入力シート!$A$7:$J$1000, 7, FALSE)) -> #REF! | F8: =IF(ISBLANK($A8), "", VLOOKUP($A8, 入力シート!$A$7:$J$1000, 10, FALSE)) -> #REF! | G8: =IF(ISBLANK($A8), "", VLOOKUP($A8, 入力シート!$A$7:$J$1000, 9, FALSE)) -> #REF! | H8: =IF(ISBLANK($A8), "", VLOOKUP($A8, 入力シート!$A$7:$J$1000, 8, FALSE)) -> #REF!
A10: 3 | B10: =IF(ISBLANK($A10), "", VLOOKUP($A10, 入力シート!$A$7:$J$1000, 3, FALSE)) -> #REF! | C10: =IF(ISBLANK($A10), "", VLOOKUP($A10, 入力シート!$A$7:$J$1000, 4, FALSE)) -> #REF! | D10: =IF(ISBLANK($A10), "", VLOOKUP($A10, 入力シート!$A$7:$J$1000, 6, FALSE)) -> #REF! | E10: =IF(ISBLANK($A10), "", VLOOKUP($A10, 入力シート!$A$7:$J$1000, 7, FALSE)) -> #REF! | F10: =IF(ISBLANK($A10), "", VLOOKUP($A10, 入力シート!$A$7:$J$1000, 10, FALSE)) -> #REF! | G10: =IF(ISBLANK($A10), "", VLOOKUP($A10, 入力シート!$A$7:$J$1000, 9, FALSE)) -> #REF! | H10: =IF(ISBLANK($A10), "", VLOOKUP($A10, 入力シート!$A$7:$J$1000, 8, FALSE)) -> #REF!
A12: 4 | B12: =IF(ISBLANK($A12), "", VLOOKUP($A12, 入力シート!$A$7:$J$1000, 3, FALSE)) -> #REF! | C12: =IF(ISBLANK($A12), "", VLOOKUP($A12, 入力シート!$A$7:$J$1000, 4, FALSE)) -> #REF! | D12: =IF(ISBLANK($A12), "", VLOOKUP($A12, 入力シート!$A$7:$J$1000, 6, FALSE)) -> #REF! | E12: =IF(ISBLANK($A12), "", VLOOKUP($A12, 入力シート!$A$7:$J$1000, 7, FALSE)) -> #REF! | F12: =IF(ISBLANK($A12), "", VLOOKUP($A12, 入力シート!$A$7:$J$1000, 10, FALSE)) -> #REF! | G12: =IF(ISBLANK($A12), "", VLOOKUP($A12, 入力シート!$A$7:$J$1000, 9, FALSE)) -> #REF! | H12: =IF(ISBLANK($A12), "", VLOOKUP($A12, 入力シート!$A$7:$J$1000, 8, FALSE)) -> #REF!
A14: 5 | B14: =IF(ISBLANK($A14), "", VLOOKUP($A14, 入力シート!$A$7:$J$1000, 3, FALSE)) -> #REF! | C14: =IF(ISBLANK($A14), "", VLOOKUP($A14, 入力シート!$A$7:$J$1000, 4, FALSE)) -> #REF! | D14: =IF(ISBLANK($A14), "", VLOOKUP($A14, 入力シート!$A$7:$J$1000, 6, FALSE)) -> #REF! | E14: =IF(ISBLANK($A14), "", VLOOKUP($A14, 入力シート!$A$7:$J$1000, 7, FALSE)) -> #REF! | F14: =IF(ISBLANK($A14), "", VLOOKUP($A14, 入力シート!$A$7:$J$1000, 10, FALSE)) -> #REF! | G14: =IF(ISBLANK($A14), "", VLOOKUP($A14, 入力シート!$A$7:$J$1000, 9, FALSE)) -> #REF! | H14: =IF(ISBLANK($A14), "", VLOOKUP($A14, 入力シート!$A$7:$J$1000, 8, FALSE)) -> #REF!
A16: 6 | B16: =IF(ISBLANK($A16), "", VLOOKUP($A16, 入力シート!$A$7:$J$1000, 3, FALSE)) -> #REF! | C16: =IF(ISBLANK($A16), "", VLOOKUP($A16, 入力シート!$A$7:$J$1000, 4, FALSE)) -> #REF! | D16: =IF(ISBLANK($A16), "", VLOOKUP($A16, 入力シート!$A$7:$J$1000, 6, FALSE)) -> #REF! | E16: =IF(ISBLANK($A16), "", VLOOKUP($A16, 入力シート!$A$7:$J$1000, 7, FALSE)) -> #REF! | F16: =IF(ISBLANK($A16), "", VLOOKUP($A16, 入力シート!$A$7:$J$1000, 10, FALSE)) -> #REF! | G16: =IF(ISBLANK($A16), "", VLOOKUP($A16, 入力シート!$A$7:$J$1000, 9, FALSE)) -> #REF! | H16: =IF(ISBLANK($A16), "", VLOOKUP($A16, 入力シート!$A$7:$J$1000, 8, FALSE)) -> #REF!
A18: 7 | B18: =IF(ISBLANK($A18), "", VLOOKUP($A18, 入力シート!$A$7:$J$1000, 3, FALSE)) -> 0 | C18: =IF(ISBLANK($A18), "", VLOOKUP($A18, 入力シート!$A$7:$J$1000, 4, FALSE)) -> 0 | D18: =IF(ISBLANK($A18), "", VLOOKUP($A18, 入力シート!$A$7:$J$1000, 6, FALSE)) -> 0 | E18: =IF(ISBLANK($A18), "", VLOOKUP($A18, 入力シート!$A$7:$J$1000, 7, FALSE)) -> 0 | F18: =IF(ISBLANK($A18), "", VLOOKUP($A18, 入力シート!$A$7:$J$1000, 10, FALSE)) -> 0 | G18: =IF(ISBLANK($A18), "", VLOOKUP($A18, 入力シート!$A$7:$J$1000, 9, FALSE)) -> 0 | H18: =IF(ISBLANK($A18), "", VLOOKUP($A18, 入力シート!$A$7:$J$1000, 8, FALSE)) -> 0
A20: 8 | B20: =IF(ISBLANK($A20), "", VLOOKUP($A20, 入力シート!$A$7:$J$1000, 3, FALSE)) -> 0 | C20: =IF(ISBLANK($A20), "", VLOOKUP($A20, 入力シート!$A$7:$J$1000, 4, FALSE)) -> 0 | D20: =IF(ISBLANK($A20), "", VLOOKUP($A20, 入力シート!$A$7:$J$1000, 6, FALSE)) -> 0 | E20: =IF(ISBLANK($A20), "", VLOOKUP($A20, 入力シート!$A$7:$J$1000, 7, FALSE)) -> 0 | F20: =IF(ISBLANK($A20), "", VLOOKUP($A20, 入力シート!$A$7:$J$1000, 10, FALSE)) -> 0 | G20: =IF(ISBLANK($A20), "", VLOOKUP($A20, 入力シート!$A$7:$J$1000, 9, FALSE)) -> 0 | H20: =IF(ISBLANK($A20), "", VLOOKUP($A20, 入力シート!$A$7:$J$1000, 8, FALSE)) -> 0
A22: 9 | B22: =IF(ISBLANK($A22), "", VLOOKUP($A22, 入力シート!$A$7:$J$1000, 3, FALSE)) -> 0 | C22: =IF(ISBLANK($A22), "", VLOOKUP($A22, 入力シート!$A$7:$J$1000, 4, FALSE)) -> 0 | D22: =IF(ISBLANK($A22), "", VLOOKUP($A22, 入力シート!$A$7:$J$1000, 6, FALSE)) -> 0 | E22: =IF(ISBLANK($A22), "", VLOOKUP($A22, 入力シート!$A$7:$J$1000, 7, FALSE)) -> 0 | F22: =IF(ISBLANK($A22), "", VLOOKUP($A22, 入力シート!$A$7:$J$1000, 10, FALSE)) -> 0 | G22: =IF(ISBLANK($A22), "", VLOOKUP($A22, 入力シート!$A$7:$J$1000, 9, FALSE)) -> 0 | H22: =IF(ISBLANK($A22), "", VLOOKUP($A22, 入力シート!$A$7:$J$1000, 8, FALSE)) -> 0
A24: 10 | B24: =IF(ISBLANK($A24), "", VLOOKUP($A24, 入力シート!$A$7:$J$1000, 3, FALSE)) -> 0 | C24: =IF(ISBLANK($A24), "", VLOOKUP($A24, 入力シート!$A$7:$J$1000, 4, FALSE)) -> 0 | D24: =IF(ISBLANK($A24), "", VLOOKUP($A24, 入力シート!$A$7:$J$1000, 6, FALSE)) -> 0 | E24: =IF(ISBLANK($A24), "", VLOOKUP($A24, 入力シート!$A$7:$J$1000, 7, FALSE)) -> 0 | F24: =IF(ISBLANK($A24), "", VLOOKUP($A24, 入力シート!$A$7:$J$1000, 10, FALSE)) -> 0 | G24: =IF(ISBLANK($A24), "", VLOOKUP($A24, 入力シート!$A$7:$J$1000, 9, FALSE)) -> 0 | H24: =IF(ISBLANK($A24), "", VLOOKUP($A24, 入力シート!$A$7:$J$1000, 8, FALSE)) -> 0
A26: 11 | B26: =IF(ISBLANK($A26), "", VLOOKUP($A26, 入力シート!$A$7:$J$1000, 3, FALSE)) -> 0 | C26: =IF(ISBLANK($A26), "", VLOOKUP($A26, 入力シート!$A$7:$J$1000, 4, FALSE)) -> 0 | D26: =IF(ISBLANK($A26), "", VLOOKUP($A26, 入力シート!$A$7:$J$1000, 6, FALSE)) -> 0 | E26: =IF(ISBLANK($A26), "", VLOOKUP($A26, 入力シート!$A$7:$J$1000, 7, FALSE)) -> 0 | F26: =IF(ISBLANK($A26), "", VLOOKUP($A26, 入力シート!$A$7:$J$1000, 10, FALSE)) -> 0 | G26: =IF(ISBLANK($A26), "", VLOOKUP($A26, 入力シート!$A$7:$J$1000, 9, FALSE)) -> 0 | H26: =IF(ISBLANK($A26), "", VLOOKUP($A26, 入力シート!$A$7:$J$1000, 8, FALSE)) -> 0
B28: 0 | C28: 0 | D28: 0 | E28: 0
B29: 調査年月日：令和 年 月 日
B30: 作成者氏名 印
B33: （注１）本調書は、申請に必要な隣接土地の登記事項証明書の添付を省略する場合に必ず作成
B34: してください。
B35: （注２）本調書は、土地家屋調査士等が作成し作成印を押印してください。
B36: （注３）本調書は、境界確定を行おうとする旧法定外公共物等に隣接する土地（点接地を含む
B37: 。）全てを記載し、申請者は最上段に記入してください。

Sheet 所有者調書(財務)2
B1: 様式２
B2: 土 地 所 有 者 調 書
B4: 所在 | C4: 地番 | D4: 地目 | E4: 地積 （㎡） | F4: 取得の原因 及び年月日 | G4: 所有者名 | H4: 不動産登記簿上の住所
H5: 住民登録の住所
A6: 1 | B6: =IF(ISBLANK($A6), "", VLOOKUP($A6, 入力シート!$A$7:$J$1000, 3, FALSE)) -> #REF! | C6: =IF(ISBLANK($A6), "", VLOOKUP($A6, 入力シート!$A$7:$J$1000, 4, FALSE)) -> #REF! | D6: =IF(ISBLANK($A6), "", VLOOKUP($A6, 入力シート!$A$7:$J$1000, 6, FALSE)) -> #REF! | E6: =IF(ISBLANK($A6), "", VLOOKUP($A6, 入力シート!$A$7:$J$1000, 7, FALSE)) -> #REF! | F6: =IF(ISBLANK($A6), "", VLOOKUP($A6, 入力シート!$A$7:$J$1000, 10, FALSE)) -> #REF! | G6: =IF(ISBLANK($A6), "", VLOOKUP($A6, 入力シート!$A$7:$J$1000, 9, FALSE)) -> #REF! | H6: =IF(ISBLANK($A6), "", VLOOKUP($A6, 入力シート!$A$7:$J$1000, 8, FALSE)) -> #REF!
A8: 2 | B8: =IF(ISBLANK($A8), "", VLOOKUP($A8, 入力シート!$A$7:$J$1000, 3, FALSE)) -> #REF! | C8: =IF(ISBLANK($A8), "", VLOOKUP($A8, 入力シート!$A$7:$J$1000, 4, FALSE)) -> #REF! | D8: =IF(ISBLANK($A8), "", VLOOKUP($A8, 入力シート!$A$7:$J$1000, 6, FALSE)) -> #REF! | E8: =IF(ISBLANK($A8), "", VLOOKUP($A8, 入力シート!$A$7:$J$1000, 7, FALSE)) -> #REF! | F8: =IF(ISBLANK($A8), "", VLOOKUP($A8, 入力シート!$A$7:$J$1000, 10, FALSE)) -> #REF! | G8: =IF(ISBLANK($A8), "", VLOOKUP($A8, 入力シート!$A$7:$J$1000, 9, FALSE)) -> #REF! | H8: =IF(ISBLANK($A8), "", VLOOKUP($A8, 入力シート!$A$7:$J$1000, 8, FALSE)) -> #REF!
A10: 3 | B10: =IF(ISBLANK($A10), "", VLOOKUP($A10, 入力シート!$A$7:$J$1000, 3, FALSE)) -> #REF! | C10: =IF(ISBLANK($A10), "", VLOOKUP($A10, 入力シート!$A$7:$J$1000, 4, FALSE)) -> #REF! | D10: =IF(ISBLANK($A10), "", VLOOKUP($A10, 入力シート!$A$7:$J$1000, 6, FALSE)) -> #REF! | E10: =IF(ISBLANK($A10), "", VLOOKUP($A10, 入力シート!$A$7:$J$1000, 7, FALSE)) -> #REF! | F10: =IF(ISBLANK($A10), "", VLOOKUP($A10, 入力シート!$A$7:$J$1000, 10, FALSE)) -> #REF! | G10: =IF(ISBLANK($A10), "", VLOOKUP($A10, 入力シート!$A$7:$J$1000, 9, FALSE)) -> #REF! | H10: =IF(ISBLANK($A10), "", VLOOKUP($A10, 入力シート!$A$7:$J$1000, 8, FALSE)) -> #REF!
A12: 4 | B12: =IF(ISBLANK($A12), "", VLOOKUP($A12, 入力シート!$A$7:$J$1000, 3, FALSE)) -> #REF! | C12: =IF(ISBLANK($A12), "", VLOOKUP($A12, 入力シート!$A$7:$J$1000, 4, FALSE)) -> #REF! | D12: =IF(ISBLANK($A12), "", VLOOKUP($A12, 入力シート!$A$7:$J$1000, 6, FALSE)) -> #REF! | E12: =IF(ISBLANK($A12), "", VLOOKUP($A12, 入力シート!$A$7:$J$1000, 7, FALSE)) -> #REF! | F12: =IF(ISBLANK($A12), "", VLOOKUP($A12, 入力シート!$A$7:$J$1000, 10, FALSE)) -> #REF! | G12: =IF(ISBLANK($A12), "", VLOOKUP($A12, 入力シート!$A$7:$J$1000, 9, FALSE)) -> #REF! | H12: =IF(ISBLANK($A12), "", VLOOKUP($A12, 入力シート!$A$7:$J$1000, 8, FALSE)) -> #REF!
A14: 5 | B14: =IF(ISBLANK($A14), "", VLOOKUP($A14, 入力シート!$A$7:$J$1000, 3, FALSE)) -> #REF! | C14: =IF(ISBLANK($A14), "", VLOOKUP($A14, 入力シート!$A$7:$J$1000, 4, FALSE)) -> #REF! | D14: =IF(ISBLANK($A14), "", VLOOKUP($A14, 入力シート!$A$7:$J$1000, 6, FALSE)) -> #REF! | E14: =IF(ISBLANK($A14), "", VLOOKUP($A14, 入力シート!$A$7:$J$1000, 7, FALSE)) -> #REF! | F14: =IF(ISBLANK($A14), "", VLOOKUP($A14, 入力シート!$A$7:$J$1000, 10, FALSE)) -> #REF! | G14: =IF(ISBLANK($A14), "", VLOOKUP($A14, 入力シート!$A$7:$J$1000, 9, FALSE)) -> #REF! | H14: =IF(ISBLANK($A14), "", VLOOKUP($A14, 入力シート!$A$7:$J$1000, 8, FALSE)) -> #REF!
A16: 6 | B16: =IF(ISBLANK($A16), "", VLOOKUP($A16, 入力シート!$A$7:$J$1000, 3, FALSE)) -> #REF! | C16: =IF(ISBLANK($A16), "", VLOOKUP($A16, 入力シート!$A$7:$J$1000, 4, FALSE)) -> #REF! | D16: =IF(ISBLANK($A16), "", VLOOKUP($A16, 入力シート!$A$7:$J$1000, 6, FALSE)) -> #REF! | E16: =IF(ISBLANK($A16), "", VLOOKUP($A16, 入力シート!$A$7:$J$1000, 7, FALSE)) -> #REF! | F16: =IF(ISBLANK($A16), "", VLOOKUP($A16, 入力シート!$A$7:$J$1000, 10, FALSE)) -> #REF! | G16: =IF(ISBLANK($A16), "", VLOOKUP($A16, 入力シート!$A$7:$J$1000, 9, FALSE)) -> #REF! | H16: =IF(ISBLANK($A16), "", VLOOKUP($A16, 入力シート!$A$7:$J$1000, 8, FALSE)) -> #REF!
A18: 7 | B18: =IF(ISBLANK($A18), "", VLOOKUP($A18, 入力シート!$A$7:$J$1000, 3, FALSE)) -> 0 | C18: =IF(ISBLANK($A18), "", VLOOKUP($A18, 入力シート!$A$7:$J$1000, 4, FALSE)) -> 0 | D18: =IF(ISBLANK($A18), "", VLOOKUP($A18, 入力シート!$A$7:$J$1000, 6, FALSE)) -> 0 | E18: =IF(ISBLANK($A18), "", VLOOKUP($A18, 入力シート!$A$7:$J$1000, 7, FALSE)) -> 0 | F18: =IF(ISBLANK($A18), "", VLOOKUP($A18, 入力シート!$A$7:$J$1000, 10, FALSE)) -> 0 | G18: =IF(ISBLANK($A18), "", VLOOKUP($A18, 入力シート!$A$7:$J$1000, 9, FALSE)) -> 0 | H18: =IF(ISBLANK($A18), "", VLOOKUP($A18, 入力シート!$A$7:$J$1000, 8, FALSE)) -> 0
A20: 8 | B20: =IF(ISBLANK($A20), "", VLOOKUP($A20, 入力シート!$A$7:$J$1000, 3, FALSE)) -> 0 | C20: =IF(ISBLANK($A20), "", VLOOKUP($A20, 入力シート!$A$7:$J$1000, 4, FALSE)) -> 0 | D20: =IF(ISBLANK($A20), "", VLOOKUP($A20, 入力シート!$A$7:$J$1000, 6, FALSE)) -> 0 | E20: =IF(ISBLANK($A20), "", VLOOKUP($A20, 入力シート!$A$7:$J$1000, 7, FALSE)) -> 0 | F20: =IF(ISBLANK($A20), "", VLOOKUP($A20, 入力シート!$A$7:$J$1000, 10, FALSE)) -> 0 | G20: =IF(ISBLANK($A20), "", VLOOKUP($A20, 入力シート!$A$7:$J$1000, 9, FALSE)) -> 0 | H20: =IF(ISBLANK($A20), "", VLOOKUP($A20, 入力シート!$A$7:$J$1000, 8, FALSE)) -> 0
A22: 9 | B22: =IF(ISBLANK($A22), "", VLOOKUP($A22, 入力シート!$A$7:$J$1000, 3, FALSE)) -> 0 | C22: =IF(ISBLANK($A22), "", VLOOKUP($A22, 入力シート!$A$7:$J$1000, 4, FALSE)) -> 0 | D22: =IF(ISBLANK($A22), "", VLOOKUP($A22, 入力シート!$A$7:$J$1000, 6, FALSE)) -> 0 | E22: =IF(ISBLANK($A22), "", VLOOKUP($A22, 入力シート!$A$7:$J$1000, 7, FALSE)) -> 0 | F22: =IF(ISBLANK($A22), "", VLOOKUP($A22, 入力シート!$A$7:$J$1000, 10, FALSE)) -> 0 | G22: =IF(ISBLANK($A22), "", VLOOKUP($A22, 入力シート!$A$7:$J$1000, 9, FALSE)) -> 0 | H22: =IF(ISBLANK($A22), "", VLOOKUP($A22, 入力シート!$A$7:$J$1000, 8, FALSE)) -> 0
A24: 10 | B24: =IF(ISBLANK($A24), "", VLOOKUP($A24, 入力シート!$A$7:$J$1000, 3, FALSE)) -> 0 | C24: =IF(ISBLANK($A24), "", VLOOKUP($A24, 入力シート!$A$7:$J$1000, 4, FALSE)) -> 0 | D24: =IF(ISBLANK($A24), "", VLOOKUP($A24, 入力シート!$A$7:$J$1000, 6, FALSE)) -> 0 | E24: =IF(ISBLANK($A24), "", VLOOKUP($A24, 入力シート!$A$7:$J$1000, 7, FALSE)) -> 0 | F24: =IF(ISBLANK($A24), "", VLOOKUP($A24, 入力シート!$A$7:$J$1000, 10, FALSE)) -> 0 | G24: =IF(ISBLANK($A24), "", VLOOKUP($A24, 入力シート!$A$7:$J$1000, 9, FALSE)) -> 0 | H24: =IF(ISBLANK($A24), "", VLOOKUP($A24, 入力シート!$A$7:$J$1000, 8, FALSE)) -> 0
A26: 11 | B26: =IF(ISBLANK($A26), "", VLOOKUP($A26, 入力シート!$A$7:$J$1000, 3, FALSE)) -> 0 | C26: =IF(ISBLANK($A26), "", VLOOKUP($A26, 入力シート!$A$7:$J$1000, 4, FALSE)) -> 0 | D26: =IF(ISBLANK($A26), "", VLOOKUP($A26, 入力シート!$A$7:$J$1000, 6, FALSE)) -> 0 | E26: =IF(ISBLANK($A26), "", VLOOKUP($A26, 入力シート!$A$7:$J$1000, 7, FALSE)) -> 0 | F26: =IF(ISBLANK($A26), "", VLOOKUP($A26, 入力シート!$A$7:$J$1000, 10, FALSE)) -> 0 | G26: =IF(ISBLANK($A26), "", VLOOKUP($A26, 入力シート!$A$7:$J$1000, 9, FALSE)) -> 0 | H26: =IF(ISBLANK($A26), "", VLOOKUP($A26, 入力シート!$A$7:$J$1000, 8, FALSE)) -> 0
B28: 0 | C28: 0 | D28: 0 | E28: 0
B29: 調査年月日：令和 年 月 日
B30: 作成者氏名 印
B33: （注１）本調書は、申請に必要な隣接土地の登記事項証明書の添付を省略する場合に必ず作成
B34: してください。
B35: （注２）本調書は、土地家屋調査士等が作成し作成印を押印してください。
B36: （注３）本調書は、境界確定を行おうとする旧法定外公共物等に隣接する土地（点接地を含む
B37: 。）全てを記載し、申請者は最上段に記入してください。

Sheet 所有者調書(財務)3
B1: 様式２
B2: 土 地 所 有 者 調 書
B4: 所在 | C4: 地番 | D4: 地目 | E4: 地積 （㎡） | F4: 取得の原因 及び年月日 | G4: 所有者名 | H4: 不動産登記簿上の住所
H5: 住民登録の住所
A6: 1 | B6: =IF(ISBLANK($A6), "", VLOOKUP($A6, 入力シート!$A$7:$J$1000, 3, FALSE)) -> #REF! | C6: =IF(ISBLANK($A6), "", VLOOKUP($A6, 入力シート!$A$7:$J$1000, 4, FALSE)) -> #REF! | D6: =IF(ISBLANK($A6), "", VLOOKUP($A6, 入力シート!$A$7:$J$1000, 6, FALSE)) -> #REF! | E6: =IF(ISBLANK($A6), "", VLOOKUP($A6, 入力シート!$A$7:$J$1000, 7, FALSE)) -> #REF! | F6: =IF(ISBLANK($A6), "", VLOOKUP($A6, 入力シート!$A$7:$J$1000, 10, FALSE)) -> #REF! | G6: =IF(ISBLANK($A6), "", VLOOKUP($A6, 入力シート!$A$7:$J$1000, 9, FALSE)) -> #REF! | H6: =IF(ISBLANK($A6), "", VLOOKUP($A6, 入力シート!$A$7:$J$1000, 8, FALSE)) -> #REF!
A8: 2 | B8: =IF(ISBLANK($A8), "", VLOOKUP($A8, 入力シート!$A$7:$J$1000, 3, FALSE)) -> #REF! | C8: =IF(ISBLANK($A8), "", VLOOKUP($A8, 入力シート!$A$7:$J$1000, 4, FALSE)) -> #REF! | D8: =IF(ISBLANK($A8), "", VLOOKUP($A8, 入力シート!$A$7:$J$1000, 6, FALSE)) -> #REF! | E8: =IF(ISBLANK($A8), "", VLOOKUP($A8, 入力シート!$A$7:$J$1000, 7, FALSE)) -> #REF! | F8: =IF(ISBLANK($A8), "", VLOOKUP($A8, 入力シート!$A$7:$J$1000, 10, FALSE)) -> #REF! | G8: =IF(ISBLANK($A8), "", VLOOKUP($A8, 入力シート!$A$7:$J$1000, 9, FALSE)) -> #REF! | H8: =IF(ISBLANK($A8), "", VLOOKUP($A8, 入力シート!$A$7:$J$1000, 8, FALSE)) -> #REF!
A10: 3 | B10: =IF(ISBLANK($A10), "", VLOOKUP($A10, 入力シート!$A$7:$J$1000, 3, FALSE)) -> #REF! | C10: =IF(ISBLANK($A10), "", VLOOKUP($A10, 入力シート!$A$7:$J$1000, 4, FALSE)) -> #REF! | D10: =IF(ISBLANK($A10), "", VLOOKUP($A10, 入力シート!$A$7:$J$1000, 6, FALSE)) -> #REF! | E10: =IF(ISBLANK($A10), "", VLOOKUP($A10, 入力シート!$A$7:$J$1000, 7, FALSE)) -> #REF! | F10: =IF(ISBLANK($A10), "", VLOOKUP($A10, 入力シート!$A$7:$J$1000, 10, FALSE)) -> #REF! | G10: =IF(ISBLANK($A10), "", VLOOKUP($A10, 入力シート!$A$7:$J$1000, 9, FALSE)) -> #REF! | H10: =IF(ISBLANK($A10), "", VLOOKUP($A10, 入力シート!$A$7:$J$1000, 8, FALSE)) -> #REF!
A12: 4 | B12: =IF(ISBLANK($A12), "", VLOOKUP($A12, 入力シート!$A$7:$J$1000, 3, FALSE)) -> #REF! | C12: =IF(ISBLANK($A12), "", VLOOKUP($A12, 入力シート!$A$7:$J$1000, 4, FALSE)) -> #REF! | D12: =IF(ISBLANK($A12), "", VLOOKUP($A12, 入力シート!$A$7:$J$1000, 6, FALSE)) -> #REF! | E12: =IF(ISBLANK($A12), "", VLOOKUP($A12, 入力シート!$A$7:$J$1000, 7, FALSE)) -> #REF! | F12: =IF(ISBLANK($A12), "", VLOOKUP($A12, 入力シート!$A$7:$J$1000, 10, FALSE)) -> #REF! | G12: =IF(ISBLANK($A12), "", VLOOKUP($A12, 入力シート!$A$7:$J$1000, 9, FALSE)) -> #REF! | H12: =IF(ISBLANK($A12), "", VLOOKUP($A12, 入力シート!$A$7:$J$1000, 8, FALSE)) -> #REF!
A14: 5 | B14: =IF(ISBLANK($A14), "", VLOOKUP($A14, 入力シート!$A$7:$J$1000, 3, FALSE)) -> #REF! | C14: =IF(ISBLANK($A14), "", VLOOKUP($A14, 入力シート!$A$7:$J$1000, 4, FALSE)) -> #REF! | D14: =IF(ISBLANK($A14), "", VLOOKUP($A14, 入力シート!$A$7:$J$1000, 6, FALSE)) -> #REF! | E14: =IF(ISBLANK($A14), "", VLOOKUP($A14, 入力シート!$A$7:$J$1000, 7, FALSE)) -> #REF! | F14: =IF(ISBLANK($A14), "", VLOOKUP($A14, 入力シート!$A$7:$J$1000, 10, FALSE)) -> #REF! | G14: =IF(ISBLANK($A14), "", VLOOKUP($A14, 入力シート!$A$7:$J$1000, 9, FALSE)) -> #REF! | H14: =IF(ISBLANK($A14), "", VLOOKUP($A14, 入力シート!$A$7:$J$1000, 8, FALSE)) -> #REF!
A16: 6 | B16: =IF(ISBLANK($A16), "", VLOOKUP($A16, 入力シート!$A$7:$J$1000, 3, FALSE)) -> #REF! | C16: =IF(ISBLANK($A16), "", VLOOKUP($A16, 入力シート!$A$7:$J$1000, 4, FALSE)) -> #REF! | D16: =IF(ISBLANK($A16), "", VLOOKUP($A16, 入力シート!$A$7:$J$1000, 6, FALSE)) -> #REF! | E16: =IF(ISBLANK($A16), "", VLOOKUP($A16, 入力シート!$A$7:$J$1000, 7, FALSE)) -> #REF! | F16: =IF(ISBLANK($A16), "", VLOOKUP($A16, 入力シート!$A$7:$J$1000, 10, FALSE)) -> #REF! | G16: =IF(ISBLANK($A16), "", VLOOKUP($A16, 入力シート!$A$7:$J$1000, 9, FALSE)) -> #REF! | H16: =IF(ISBLANK($A16), "", VLOOKUP($A16, 入力シート!$A$7:$J$1000, 8, FALSE)) -> #REF!
A18: 7 | B18: =IF(ISBLANK($A18), "", VLOOKUP($A18, 入力シート!$A$7:$J$1000, 3, FALSE)) -> 0 | C18: =IF(ISBLANK($A18), "", VLOOKUP($A18, 入力シート!$A$7:$J$1000, 4, FALSE)) -> 0 | D18: =IF(ISBLANK($A18), "", VLOOKUP($A18, 入力シート!$A$7:$J$1000, 6, FALSE)) -> 0 | E18: =IF(ISBLANK($A18), "", VLOOKUP($A18, 入力シート!$A$7:$J$1000, 7, FALSE)) -> 0 | F18: =IF(ISBLANK($A18), "", VLOOKUP($A18, 入力シート!$A$7:$J$1000, 10, FALSE)) -> 0 | G18: =IF(ISBLANK($A18), "", VLOOKUP($A18, 入力シート!$A$7:$J$1000, 9, FALSE)) -> 0 | H18: =IF(ISBLANK($A18), "", VLOOKUP($A18, 入力シート!$A$7:$J$1000, 8, FALSE)) -> 0
A20: 8 | B20: =IF(ISBLANK($A20), "", VLOOKUP($A20, 入力シート!$A$7:$J$1000, 3, FALSE)) -> 0 | C20: =IF(ISBLANK($A20), "", VLOOKUP($A20, 入力シート!$A$7:$J$1000, 4, FALSE)) -> 0 | D20: =IF(ISBLANK($A20), "", VLOOKUP($A20, 入力シート!$A$7:$J$1000, 6, FALSE)) -> 0 | E20: =IF(ISBLANK($A20), "", VLOOKUP($A20, 入力シート!$A$7:$J$1000, 7, FALSE)) -> 0 | F20: =IF(ISBLANK($A20), "", VLOOKUP($A20, 入力シート!$A$7:$J$1000, 10, FALSE)) -> 0 | G20: =IF(ISBLANK($A20), "", VLOOKUP($A20, 入力シート!$A$7:$J$1000, 9, FALSE)) -> 0 | H20: =IF(ISBLANK($A20), "", VLOOKUP($A20, 入力シート!$A$7:$J$1000, 8, FALSE)) -> 0
A22: 9 | B22: =IF(ISBLANK($A22), "", VLOOKUP($A22, 入力シート!$A$7:$J$1000, 3, FALSE)) -> 0 | C22: =IF(ISBLANK($A22), "", VLOOKUP($A22, 入力シート!$A$7:$J$1000, 4, FALSE)) -> 0 | D22: =IF(ISBLANK($A22), "", VLOOKUP($A22, 入力シート!$A$7:$J$1000, 6, FALSE)) -> 0 | E22: =IF(ISBLANK($A22), "", VLOOKUP($A22, 入力シート!$A$7:$J$1000, 7, FALSE)) -> 0 | F22: =IF(ISBLANK($A22), "", VLOOKUP($A22, 入力シート!$A$7:$J$1000, 10, FALSE)) -> 0 | G22: =IF(ISBLANK($A22), "", VLOOKUP($A22, 入力シート!$A$7:$J$1000, 9, FALSE)) -> 0 | H22: =IF(ISBLANK($A22), "", VLOOKUP($A22, 入力シート!$A$7:$J$1000, 8, FALSE)) -> 0
A24: 10 | B24: =IF(ISBLANK($A24), "", VLOOKUP($A24, 入力シート!$A$7:$J$1000, 3, FALSE)) -> 0 | C24: =IF(ISBLANK($A24), "", VLOOKUP($A24, 入力シート!$A$7:$J$1000, 4, FALSE)) -> 0 | D24: =IF(ISBLANK($A24), "", VLOOKUP($A24, 入力シート!$A$7:$J$1000, 6, FALSE)) -> 0 | E24: =IF(ISBLANK($A24), "", VLOOKUP($A24, 入力シート!$A$7:$J$1000, 7, FALSE)) -> 0 | F24: =IF(ISBLANK($A24), "", VLOOKUP($A24, 入力シート!$A$7:$J$1000, 10, FALSE)) -> 0 | G24: =IF(ISBLANK($A24), "", VLOOKUP($A24, 入力シート!$A$7:$J$1000, 9, FALSE)) -> 0 | H24: =IF(ISBLANK($A24), "", VLOOKUP($A24, 入力シート!$A$7:$J$1000, 8, FALSE)) -> 0
A26: 11 | B26: =IF(ISBLANK($A26), "", VLOOKUP($A26, 入力シート!$A$7:$J$1000, 3, FALSE)) -> 0 | C26: =IF(ISBLANK($A26), "", VLOOKUP($A26, 入力シート!$A$7:$J$1000, 4, FALSE)) -> 0 | D26: =IF(ISBLANK($A26), "", VLOOKUP($A26, 入力シート!$A$7:$J$1000, 6, FALSE)) -> 0 | E26: =IF(ISBLANK($A26), "", VLOOKUP($A26, 入力シート!$A$7:$J$1000, 7, FALSE)) -> 0 | F26: =IF(ISBLANK($A26), "", VLOOKUP($A26, 入力シート!$A$7:$J$1000, 10, FALSE)) -> 0 | G26: =IF(ISBLANK($A26), "", VLOOKUP($A26, 入力シート!$A$7:$J$1000, 9, FALSE)) -> 0 | H26: =IF(ISBLANK($A26), "", VLOOKUP($A26, 入力シート!$A$7:$J$1000, 8, FALSE)) -> 0
B28: 0 | C28: 0 | D28: 0 | E28: 0
B29: 調査年月日：令和 年 月 日
B30: 作成者氏名 印
B33: （注１）本調書は、申請に必要な隣接土地の登記事項証明書の添付を省略する場合に必ず作成
B34: してください。
B35: （注２）本調書は、土地家屋調査士等が作成し作成印を押印してください。
B36: （注３）本調書は、境界確定を行おうとする旧法定外公共物等に隣接する土地（点接地を含む
B37: 。）全てを記載し、申請者は最上段に記入してください。

Sheet 所有者調書(国道)
B1: 土 地 登 記 簿 調 書
B2: 所在 | F2: =TODAY() -> 45779
B4: 地番 | C4: 地目 | D4: 地積 ㎡ | E4: 所 有 者 の 住 所 | F4: 所有者の氏名 | G4: 摘 要
A5: 1 | B5: =IF(ISBLANK($A6), "", VLOOKUP($A6, 入力シート!$A$7:$J$1000, 4, FALSE)) -> #REF! | C5: =IF(ISBLANK($A6), "", VLOOKUP($A6, 入力シート!$A$7:$J$1000, 6, FALSE)) -> #REF! | D5: =IF(ISBLANK($A6), "", VLOOKUP($A6, 入力シート!$A$7:$J$1000, 7, FALSE)) -> #REF! | E5: =IF(ISBLANK($A6), "", VLOOKUP($A6, 入力シート!$A$7:$J$1000, 8, FALSE)) -> #REF! | F5: =IF(ISBLANK($A6), "", VLOOKUP($A6, 入力シート!$A$7:$J$1000, 9, FALSE)) -> #REF!
A6: 2 | B6: =IF(ISBLANK($A7), "", VLOOKUP($A7, 入力シート!$A$7:$J$1000, 4, FALSE)) -> #REF! | C6: =IF(ISBLANK($A7), "", VLOOKUP($A7, 入力シート!$A$7:$J$1000, 6, FALSE)) -> #REF! | D6: =IF(ISBLANK($A7), "", VLOOKUP($A7, 入力シート!$A$7:$J$1000, 7, FALSE)) -> #REF! | E6: =IF(ISBLANK($A7), "", VLOOKUP($A7, 入力シート!$A$7:$J$1000, 8, FALSE)) -> #REF! | F6: =IF(ISBLANK($A7), "", VLOOKUP($A7, 入力シート!$A$7:$J$1000, 9, FALSE)) -> #REF!
A7: 3 | B7: =IF(ISBLANK($A8), "", VLOOKUP($A8, 入力シート!$A$7:$J$1000, 4, FALSE)) -> #REF! | C7: =IF(ISBLANK($A8), "", VLOOKUP($A8, 入力シート!$A$7:$J$1000, 6, FALSE)) -> #REF! | D7: =IF(ISBLANK($A8), "", VLOOKUP($A8, 入力シート!$A$7:$J$1000, 7, FALSE)) -> #REF! | E7: =IF(ISBLANK($A8), "", VLOOKUP($A8, 入力シート!$A$7:$J$1000, 8, FALSE)) -> #REF! | F7: =IF(ISBLANK($A8), "", VLOOKUP($A8, 入力シート!$A$7:$J$1000, 9, FALSE)) -> #REF!
A8: 4 | B8: =IF(ISBLANK($A9), "", VLOOKUP($A9, 入力シート!$A$7:$J$1000, 4, FALSE)) -> #REF! | C8: =IF(ISBLANK($A9), "", VLOOKUP($A9, 入力シート!$A$7:$J$1000, 6, FALSE)) -> #REF! | D8: =IF(ISBLANK($A9), "", VLOOKUP($A9, 入力シート!$A$7:$J$1000, 7, FALSE)) -> #REF! | E8: =IF(ISBLANK($A9), "", VLOOKUP($A9, 入力シート!$A$7:$J$1000, 8, FALSE)) -> #REF! | F8: =IF(ISBLANK($A9), "", VLOOKUP($A9, 入力シート!$A$7:$J$1000, 9, FALSE)) -> #REF!
A9: 5 | B9: =IF(ISBLANK($A10), "", VLOOKUP($A10, 入力シート!$A$7:$J$1000, 4, FALSE)) -> #REF! | C9: =IF(ISBLANK($A10), "", VLOOKUP($A10, 入力シート!$A$7:$J$1000, 6, FALSE)) -> #REF! | D9: =IF(ISBLANK($A10), "", VLOOKUP($A10, 入力シート!$A$7:$J$1000, 7, FALSE)) -> #REF! | E9: =IF(ISBLANK($A10), "", VLOOKUP($A10, 入力シート!$A$7:$J$1000, 8, FALSE)) -> #REF! | F9: =IF(ISBLANK($A10), "", VLOOKUP($A10, 入力シート!$A$7:$J$1000, 9, FALSE)) -> #REF!
A10: 6 | B10: =IF(ISBLANK($A11), "", VLOOKUP($A11, 入力シート!$A$7:$J$1000, 4, FALSE)) -> 0 | C10: =IF(ISBLANK($A11), "", VLOOKUP($A11, 入力シート!$A$7:$J$1000, 6, FALSE)) -> 0 | D10: =IF(ISBLANK($A11), "", VLOOKUP($A11, 入力シート!$A$7:$J$1000, 7, FALSE)) -> 0 | E10: =IF(ISBLANK($A11), "", VLOOKUP($A11, 入力シート!$A$7:$J$1000, 8, FALSE)) -> 0 | F10: =IF(ISBLANK($A11), "", VLOOKUP($A11, 入力シート!$A$7:$J$1000, 9, FALSE)) -> 0
A11: 7 | B11: =IF(ISBLANK($A12), "", VLOOKUP($A12, 入力シート!$A$7:$J$1000, 4, FALSE)) -> 0 | C11: =IF(ISBLANK($A12), "", VLOOKUP($A12, 入力シート!$A$7:$J$1000, 6, FALSE)) -> 0 | D11: =IF(ISBLANK($A12), "", VLOOKUP($A12, 入力シート!$A$7:$J$1000, 7, FALSE)) -> 0 | E11: =IF(ISBLANK($A12), "", VLOOKUP($A12, 入力シート!$A$7:$J$1000, 8, FALSE)) -> 0 | F11: =IF(ISBLANK($A12), "", VLOOKUP($A12, 入力シート!$A$7:$J$1000, 9, FALSE)) -> 0
A12: 8 | B12: =IF(ISBLANK($A13), "", VLOOKUP($A13, 入力シート!$A$7:$J$1000, 4, FALSE)) -> 0 | C12: =IF(ISBLANK($A13), "", VLOOKUP($A13, 入力シート!$A$7:$J$1000, 6, FALSE)) -> 0 | D12: =IF(ISBLANK($A13), "", VLOOKUP($A13, 入力シート!$A$7:$J$1000, 7, FALSE)) -> 0 | E12: =IF(ISBLANK($A13), "", VLOOKUP($A13, 入力シート!$A$7:$J$1000, 8, FALSE)) -> 0 | F12: =IF(ISBLANK($A13), "", VLOOKUP($A13, 入力シート!$A$7:$J$1000, 9, FALSE)) -> 0
A13: 9 | B13: =IF(ISBLANK($A14), "", VLOOKUP($A14, 入力シート!$A$7:$J$1000, 4, FALSE)) -> 0 | C13: =IF(ISBLANK($A14), "", VLOOKUP($A14, 入力シート!$A$7:$J$1000, 6, FALSE)) -> 0 | D13: =IF(ISBLANK($A14), "", VLOOKUP($A14, 入力シート!$A$7:$J$1000, 7, FALSE)) -> 0 | E13: =IF(ISBLANK($A14), "", VLOOKUP($A14, 入力シート!$A$7:$J$1000, 8, FALSE)) -> 0 | F13: =IF(ISBLANK($A14), "", VLOOKUP($A14, 入力シート!$A$7:$J$1000, 9, FALSE)) -> 0
A14: 10 | B14: =IF(ISBLANK($A15), "", VLOOKUP($A15, 入力シート!$A$7:$J$1000, 4, FALSE)) -> 0 | C14: =IF(ISBLANK($A15), "", VLOOKUP($A15, 入力シート!$A$7:$J$1000, 6, FALSE)) -> 0 | D14: =IF(ISBLANK($A15), "", VLOOKUP($A15, 入力シート!$A$7:$J$1000, 7, FALSE)) -> 0 | E14: =IF(ISBLANK($A15), "", VLOOKUP($A15, 入力シート!$A$7:$J$1000, 8, FALSE)) -> 0 | F14: =IF(ISBLANK($A15), "", VLOOKUP($A15, 入力シート!$A$7:$J$1000, 9, FALSE)) -> 0
A15: 11 | B15: =IF(ISBLANK($A16), "", VLOOKUP($A16, 入力シート!$A$7:$J$1000, 4, FALSE)) -> 0 | C15: =IF(ISBLANK($A16), "", VLOOKUP($A16, 入力シート!$A$7:$J$1000, 6, FALSE)) -> 0 | D15: =IF(ISBLANK($A16), "", VLOOKUP($A16, 入力シート!$A$7:$J$1000, 7, FALSE)) -> 0 | E15: =IF(ISBLANK($A16), "", VLOOKUP($A16, 入力シート!$A$7:$J$1000, 8, FALSE)) -> 0 | F15: =IF(ISBLANK($A16), "", VLOOKUP($A16, 入力シート!$A$7:$J$1000, 9, FALSE)) -> 0
A16: 12 | B16: =IF(ISBLANK($A17), "", VLOOKUP($A17, 入力シート!$A$7:$J$1000, 4, FALSE)) -> 0 | C16: =IF(ISBLANK($A17), "", VLOOKUP($A17, 入力シート!$A$7:$J$1000, 6, FALSE)) -> 0 | D16: =IF(ISBLANK($A17), "", VLOOKUP($A17, 入力シート!$A$7:$J$1000, 7, FALSE)) -> 0 | E16: =IF(ISBLANK($A17), "", VLOOKUP($A17, 入力シート!$A$7:$J$1000, 8, FALSE)) -> 0 | F16: =IF(ISBLANK($A17), "", VLOOKUP($A17, 入力シート!$A$7:$J$1000, 9, FALSE)) -> 0
... A20: 16 | B20: =IF(ISBLANK($A21), "", VLOOKUP($A21, 入力シート!$A$7:$J$1000, 4, FALSE)) | C20: =IF(ISBLANK($A21), "", VLOOKUP($A21, 入力シート!$A$7:$J$1000, 6, FALSE)) | D20: =IF(ISBLANK($A21), "", VLOOKUP($A21, 入力シート!$A$7:$J$1000, 7, FALSE)) | E20: =IF(ISBLANK($A21), "", VLOOKUP($A21, 入力シート!$A$7:$J$1000, 8, FALSE)) | F20: =IF(ISBLANK($A21), "", VLOOKUP($A21, 入力シート!$A$7:$J$1000, 9, FALSE))
J23: 東京法務局
J24: 東京法務局板橋出張所
J25: 東京法務局江戸川出張所
J26: 東京法務局北出張所
J27: 東京法務局品川出張所
J28: 東京法務局渋谷出張所
J29: 東京法務局城南出張所
J30: 東京法務局城北出張所
J31: 東京法務局杉並出張所
J32: 東京法務局新宿出張所
J33: 東京法務局隅田出張所
J34: 東京法務局世田谷出張所
... J60: 横浜地方法務局相模原支局

Sheet 境界確認書甲乙1
A1: 土 地 境 界 確 認 書
A2: 1 | B2: 境界を確認した土地の表示
U3: =入力シート!$C7&入力シート!$D7 -> #REF!
C4: 甲の土地 | D4: 大田区田園調布本町29番10 | U4: =入力シート!$C8&入力シート!$D8 -> #REF!
U5: =入力シート!$C9&入力シート!$D9 -> #REF!
C6: 乙の土地 | D6: 大田区田園調布本町29番11 | U6: =入力シート!$C10&入力シート!$D10 -> #REF!
U7: =入力シート!$C11&入力シート!$D11 -> #REF!
A8: 2 | B8: 甲及び乙の境界の状況 | U8: =入力シート!$C12&入力シート!$D12 -> #REF!
A9: 別紙測量図のとおり | U9: =入力シート!$C13&入力シート!$D13
U10: =入力シート!$C14&入力シート!$D14
A11: 以上のとおり甲及び乙は、それぞれの境界を確認したことを証するため、本確認書を ２通作成し、各１通を保有する。 | U11: =入力シート!$C15&入力シート!$D15
A12: なお、後日甲及び乙が前記土地を第三者に譲渡等により所有権を移転する場合には、 当該第三者に本確認書の内容を承継させるものとする。 | U12: =入力シート!$C16&入力シート!$D16
U13: =入力シート!$C17&入力シート!$D17
B14: 令和 年 月 日 | U14: =入力シート!$C18&入力シート!$D18
U15: =入力シート!$C19&入力シート!$D19
B16: 甲 | C16: 住 所 | D16: =VLOOKUP(D4,入力シート!E11:I21,4,FALSE) -> #N/A | U16: =入力シート!$C20&入力シート!$D20
U17: =入力シート!$C21&入力シート!$D21
C18: 氏 名 | D18: =VLOOKUP(D4,入力シート!E11:I21,5,FALSE) -> #N/A | I18: 印
B20: 乙 | C20: 住 所 | D20: =入力シート!H7 -> #REF!
C22: 氏 名 | D22: =入力シート!I7 -> #REF! | I22: 印

Sheet 境界確認書甲２乙１
A1: 土 地 境 界 確 認 書
A2: 1 | B2: 境界を確認した土地の表示
U3: =入力シート!$C7&入力シート!$D7 -> #REF!
C4: 甲の土地 | D4: 目黒区洗足二丁目１３５１番４ | U4: =入力シート!$C8&入力シート!$D8 -> #REF!
U5: =入力シート!$C9&入力シート!$D9 -> #REF!
C6: 乙の土地 | D6: 目黒区洗足二丁目１３５１番４ | U6: =入力シート!$C10&入力シート!$D10 -> #REF!
U7: =入力シート!$C11&入力シート!$D11 -> #REF!
A8: 2 | B8: 甲及び乙の境界の状況 | U8: =入力シート!$C12&入力シート!$D12 -> #REF!
A9: 別紙測量図のとおり | U9: =入力シート!$C13&入力シート!$D13
U10: =入力シート!$C14&入力シート!$D14
A11: 以上のとおり甲及び乙は、それぞれの境界を確認したことを証するため、本確認書を ２通作成し、各１通を保有する。 | U11: =入力シート!$C15&入力シート!$D15
A12: なお、後日甲及び乙が前記土地を第三者に譲渡等により所有権を移転する場合には、 当該第三者に本確認書の内容を承継させるものとする。 | U12: =入力シート!$C16&入力シート!$D16
U13: =入力シート!$C17&入力シート!$D17
B14: 令和 年 月 日 | U14: =入力シート!$C18&入力シート!$D18
U15: =入力シート!$C19&入力シート!$D19
B16: 甲 | C16: 住 所 | U16: =入力シート!$C20&入力シート!$D20
U17: =入力シート!$C21&入力シート!$D21
C18: 氏 名 | I18: 印
C20: 住 所
C22: 氏 名 | I22: 印
B24: 乙 | C24: 住 所
C26: 氏 名 | I26: 印

Sheet 境界確認書甲3乙1
A1: 土 地 境 界 確 認 書
A2: 1 | B2: 境界を確認した土地の表示
U3: =入力シート!$C7&入力シート!$D7 -> #REF!
C4: 甲の土地 | D4: 目黒区洗足二丁目１３５１番４ | U4: =入力シート!$C8&入力シート!$D8 -> #REF!
U5: =入力シート!$C9&入力シート!$D9 -> #REF!
C6: 乙の土地 | D6: 目黒区洗足二丁目１３５１番４ | U6: =入力シート!$C10&入力シート!$D10 -> #REF!
U7: =入力シート!$C11&入力シート!$D11 -> #REF!
A8: 2 | B8: 甲及び乙の境界の状況 | U8: =入力シート!$C12&入力シート!$D12 -> #REF!
A9: 別紙測量図のとおり | U9: =入力シート!$C13&入力シート!$D13
U10: =入力シート!$C14&入力シート!$D14
A11: 以上のとおり甲及び乙は、それぞれの境界を確認したことを証するため、本確認書を ２通作成し、各１通を保有する。 | U11: =入力シート!$C15&入力シート!$D15
A12: なお、後日甲及び乙が前記土地を第三者に譲渡等により所有権を移転する場合には、 当該第三者に本確認書の内容を承継させるものとする。 | U12: =入力シート!$C16&入力シート!$D16
U13: =入力シート!$C17&入力シート!$D17
B14: 令和 年 月 日 | U14: =入力シート!$C18&入力シート!$D18
U15: =入力シート!$C19&入力シート!$D19
B16: 甲 | C16: 住 所 | U16: =入力シート!$C20&入力シート!$D20
U17: =入力シート!$C21&入力シート!$D21
C18: 氏 名 | I18: 印
C20: 住 所
C22: 氏 名 | I22: 印
C24: 住 所
C26: 氏 名 | I26: 印
B28: 乙 | C28: 住 所
C30: 氏 名 | I30: 印

Sheet 境界確認書甲１乙２
A1: 土 地 境 界 確 認 書
A2: 1 | B2: 境界を確認した土地の表示
U3: =入力シート!$C7&入力シート!$D7 -> #REF!
C4: 甲の土地 | D4: 目黒区洗足二丁目１３５１番４ | U4: =入力シート!$C8&入力シート!$D8 -> #REF!
U5: =入力シート!$C9&入力シート!$D9 -> #REF!
C6: 乙の土地 | D6: 目黒区洗足二丁目１３５１番４ | U6: =入力シート!$C10&入力シート!$D10 -> #REF!
U7: =入力シート!$C11&入力シート!$D11 -> #REF!
A8: 2 | B8: 甲及び乙の境界の状況 | U8: =入力シート!$C12&入力シート!$D12 -> #REF!
A9: 別紙測量図のとおり | U9: =入力シート!$C13&入力シート!$D13
U10: =入力シート!$C14&入力シート!$D14
A11: 以上のとおり甲及び乙は、それぞれの境界を確認したことを証するため、本確認書を ２通作成し、各１通を保有する。 | U11: =入力シート!$C15&入力シート!$D15
A12: なお、後日甲及び乙が前記土地を第三者に譲渡等により所有権を移転する場合には、 当該第三者に本確認書の内容を承継させるものとする。 | U12: =入力シート!$C16&入力シート!$D16
U13: =入力シート!$C17&入力シート!$D17
B14: 令和 年 月 日 | U14: =入力シート!$C18&入力シート!$D18
U15: =入力シート!$C19&入力シート!$D19
B16: 甲 | C16: 住 所 | U16: =入力シート!$C20&入力シート!$D20
U17: =入力シート!$C21&入力シート!$D21
C18: 氏 名 | I18: 印
B20: 乙 | C20: 住 所
C22: 氏 名 | I22: 印
C24: 住 所
C26: 氏 名 | I26: 印

Sheet 境界確認書甲乙２
A1: 土 地 境 界 確 認 書
A2: 1 | B2: 境界を確認した土地の表示
U3: =入力シート!$C7&入力シート!$D7 -> #REF!
C4: 甲の土地 | D4: 目黒区洗足二丁目１３５１番４ | U4: =入力シート!$C8&入力シート!$D8 -> #REF!
U5: =入力シート!$C9&入力シート!$D9 -> #REF!
C6: 乙の土地 | D6: 目黒区洗足二丁目１３５１番４ | U6: =入力シート!$C10&入力シート!$D10 -> #REF!
U7: =入力シート!$C11&入力シート!$D11 -> #REF!
A8: 2 | B8: 甲及び乙の境界の状況 | U8: =入力シート!$C12&入力シート!$D12 -> #REF!
A9: 別紙測量図のとおり | U9: =入力シート!$C13&入力シート!$D13
U10: =入力シート!$C14&入力シート!$D14
A11: 以上のとおり甲及び乙は、それぞれの境界を確認したことを証するため、本確認書を ２通作成し、各１通を保有する。 | U11: =入力シート!$C15&入力シート!$D15
A12: なお、後日甲及び乙が前記土地を第三者に譲渡等により所有権を移転する場合には、 当該第三者に本確認書の内容を承継させるものとする。 | U12: =入力シート!$C16&入力シート!$D16
U13: =入力シート!$C17&入力シート!$D17
B14: 令和 年 月 日 | U14: =入力シート!$C18&入力シート!$D18
U15: =入力シート!$C19&入力シート!$D19
B16: 甲 | C16: 住 所 | U16: =入力シート!$C20&入力シート!$D20
U17: =入力シート!$C21&入力シート!$D21
C18: 氏 名 | I18: 印
C20: 住 所
C22: 氏 名 | I22: 印
B24: 乙 | C24: 住 所
C26: 氏 名 | I26: 印
C28: 住 所
C30: 氏 名 | I30: 印

Sheet 境界確認書甲3乙2
A1: 土 地 境 界 確 認 書
A2: 1 | B2: 境界を確認した土地の表示
U3: =入力シート!$C7&入力シート!$D7 -> #REF!
C4: 甲の土地 | D4: 目黒区洗足二丁目１３５１番４ | U4: =入力シート!$C8&入力シート!$D8 -> #REF!
U5: =入力シート!$C9&入力シート!$D9 -> #REF!
C6: 乙の土地 | D6: 目黒区洗足二丁目１３５１番４ | U6: =入力シート!$C10&入力シート!$D10 -> #REF!
U7: =入力シート!$C11&入力シート!$D11 -> #REF!
A8: 2 | B8: 甲及び乙の境界の状況 | U8: =入力シート!$C12&入力シート!$D12 -> #REF!
A9: 別紙測量図のとおり | U9: =入力シート!$C13&入力シート!$D13
U10: =入力シート!$C14&入力シート!$D14
A11: 以上のとおり甲及び乙は、それぞれの境界を確認したことを証するため、本確認書を ２通作成し、各１通を保有する。 | U11: =入力シート!$C15&入力シート!$D15
A12: なお、後日甲及び乙が前記土地を第三者に譲渡等により所有権を移転する場合には、 当該第三者に本確認書の内容を承継させるものとする。 | U12: =入力シート!$C16&入力シート!$D16
U13: =入力シート!$C17&入力シート!$D17
B14: 令和 年 月 日 | U14: =入力シート!$C18&入力シート!$D18
U15: =入力シート!$C19&入力シート!$D19
B16: 甲 | C16: 住 所 | U16: =入力シート!$C20&入力シート!$D20
U17: =入力シート!$C21&入力シート!$D21
C18: 氏 名 | I18: 印
C20: 住 所
C22: 氏 名 | I22: 印
C24: 住 所
C26: 氏 名 | I26: 印
B28: 乙 | C28: 住 所
C30: 氏 名 | I30: 印
C32: 住 所
C34: 氏 名 | I34: 印

Sheet 境界確認書甲1乙3
A1: 土 地 境 界 確 認 書
A2: 1 | B2: 境界を確認した土地の表示
U3: =入力シート!$C7&入力シート!$D7 -> #REF!
C4: 甲の土地 | D4: 目黒区洗足二丁目１３５１番４ | U4: =入力シート!$C8&入力シート!$D8 -> #REF!
U5: =入力シート!$C9&入力シート!$D9 -> #REF!
C6: 乙の土地 | D6: 目黒区洗足二丁目１３５１番４ | U6: =入力シート!$C10&入力シート!$D10 -> #REF!
U7: =入力シート!$C11&入力シート!$D11 -> #REF!
A8: 2 | B8: 甲及び乙の境界の状況 | U8: =入力シート!$C12&入力シート!$D12 -> #REF!
A9: 別紙測量図のとおり | U9: =入力シート!$C13&入力シート!$D13
U10: =入力シート!$C14&入力シート!$D14
A11: 以上のとおり甲及び乙は、それぞれの境界を確認したことを証するため、本確認書を ２通作成し、各１通を保有する。 | U11: =入力シート!$C15&入力シート!$D15
A12: なお、後日甲及び乙が前記土地を第三者に譲渡等により所有権を移転する場合には、 当該第三者に本確認書の内容を承継させるものとする。 | U12: =入力シート!$C16&入力シート!$D16
U13: =入力シート!$C17&入力シート!$D17
B14: 令和 年 月 日 | U14: =入力シート!$C18&入力シート!$D18
U15: =入力シート!$C19&入力シート!$D19
B16: 甲 | C16: 住 所 | U16: =入力シート!$C20&入力シート!$D20
U17: =入力シート!$C21&入力シート!$D21
C18: 氏 名 | I18: 印
B20: 乙 | C20: 住 所
C22: 氏 名 | I22: 印
C24: 住 所
C26: 氏 名 | I26: 印
C28: 住 所
C30: 氏 名 | I30: 印

Sheet 境界確認書甲2乙3
A1: 土 地 境 界 確 認 書
A2: 1 | B2: 境界を確認した土地の表示
U3: =入力シート!$C7&入力シート!$D7 -> #REF!
C4: 甲の土地 | D4: 目黒区洗足二丁目１３５１番４ | U4: =入力シート!$C8&入力シート!$D8 -> #REF!
U5: =入力シート!$C9&入力シート!$D9 -> #REF!
C6: 乙の土地 | D6: 目黒区洗足二丁目１３５１番４ | U6: =入力シート!$C10&入力シート!$D10 -> #REF!
U7: =入力シート!$C11&入力シート!$D11 -> #REF!
A8: 2 | B8: 甲及び乙の境界の状況 | U8: =入力シート!$C12&入力シート!$D12 -> #REF!
A9: 別紙測量図のとおり | U9: =入力シート!$C13&入力シート!$D13
U10: =入力シート!$C14&入力シート!$D14
A11: 以上のとおり甲及び乙は、それぞれの境界を確認したことを証するため、本確認書を ２通作成し、各１通を保有する。 | U11: =入力シート!$C15&入力シート!$D15
A12: なお、後日甲及び乙が前記土地を第三者に譲渡等により所有権を移転する場合には、 当該第三者に本確認書の内容を承継させるものとする。 | U12: =入力シート!$C16&入力シート!$D16
U13: =入力シート!$C17&入力シート!$D17
B14: 令和 年 月 日 | U14: =入力シート!$C18&入力シート!$D18
U15: =入力シート!$C19&入力シート!$D19
B16: 甲 | C16: 住 所 | U16: =入力シート!$C20&入力シート!$D20
U17: =入力シート!$C21&入力シート!$D21
C18: 氏 名 | I18: 印
C20: 住 所
C22: 氏 名 | I22: 印
B24: 乙 | C24: 住 所
C26: 氏 名 | I26: 印
C28: 住 所
C30: 氏 名 | I30: 印
C32: 住 所
C34: 氏 名 | I34: 印

Sheet 境界確認書甲乙3
A1: 土 地 境 界 確 認 書
A2: 1 | B2: 境界を確認した土地の表示
U3: =入力シート!$C7&入力シート!$D7 -> #REF!
C4: 甲の土地 | D4: 目黒区洗足二丁目１３５１番１１ | U4: =入力シート!$C8&入力シート!$D8 -> #REF!
U5: =入力シート!$C9&入力シート!$D9 -> #REF!
C6: 乙の土地 | D6: 目黒区洗足二丁目１３５１番９ | U6: =入力シート!$C10&入力シート!$D10 -> #REF!
U7: =入力シート!$C11&入力シート!$D11 -> #REF!
A8: 2 | B8: 甲及び乙の境界の状況 | U8: =入力シート!$C12&入力シート!$D12 -> #REF!
A9: 別紙測量図のとおり | U9: =入力シート!$C13&入力シート!$D13
U10: =入力シート!$C14&入力シート!$D14
A11: 以上のとおり甲及び乙は、それぞれの境界を確認したことを証するため、本確認書を ２通作成し、各１通を保有する。 | U11: =入力シート!$C15&入力シート!$D15
A12: なお、後日甲及び乙が前記土地を第三者に譲渡等により所有権を移転する場合には、 当該第三者に本確認書の内容を承継させるものとする。 | U12: =入力シート!$C16&入力シート!$D16
U13: =入力シート!$C17&入力シート!$D17
B14: 令和 年 月 日 | U14: =入力シート!$C18&入力シート!$D18
U15: =入力シート!$C19&入力シート!$D19
B16: 甲 | C16: 住 所 | U16: =入力シート!$C20&入力シート!$D20
U17: =入力シート!$C21&入力シート!$D21
C18: 氏 名 | I18: 印
C20: 住 所
C22: 氏 名 | I22: 印
C24: 住 所
C26: 氏 名 | I26: 印
B28: 乙 | C28: 住 所
C30: 氏 名 | I30: 印
C32: 住 所
C34: 氏 名 | I34: 印
C36: 住 所
C38: 氏 名 | I38: 印

Sheet 境界確認願い
G1: 39224 | L1: =TODAY() -> 45779
D4: 様
C6: 土地境界確認についてのお願い
B10: 突然のご連絡にて申し訳ございません。
B12: ="この度、下記土地所有者である"&D33&"様より,隣地土地所有者の方々に,境界立会並びに境界確認書の取交わしをお願いしたいとの依頼を受けました。" -> この度、下記土地所有者である株式会社リプロコミュニティー様より,隣地土地所有者の方々に,境界立会並びに境界確認書の取交わしをお願いしたいとの依頼を受けました。
B14: そのため、お忙しいところ大変恐縮ですが、ご協力を賜りたいと思い、境界が接しているご所有者の皆様へご挨拶に伺っております。
B16: 今回、関連書類を同封させていただきましたので、ご確認のほどお願い申し上げます。 尚、お立ち会いの日程に関しまして、調整させていただきたいと思いますので、お手数ですが、実務取扱者までご連絡いただけますと幸いです。
B18: ４２番９所有者藤江彰子様との立会を令和１９年５月３１日AM１０：３０より予定しておりますのでお時間がございましたら参加いただけますと幸いです。
B21: 何卒ご協力のほど、宜しくお願い申し上げます。
E23: 記
B25: 立会場所
C26: 住所 | D26: =入力シート!C4 -> 0
C28: 地番 | D28: １３５１番４
B31: 土地所有者
D32: =入力シート!F2 -> 0 | G32: =IF(D32=0,"","（被相続人）")
C33: 氏名 | D33: 株式会社リプロコミュニティー | G33: =IF(D32=0,"","（相続人）")
D34: =入力シート!#REF! -> #REF! | G34: =IF(D32=0,"",IF(D34=0,"","（相続人）"))
G35: =IF(D32=0,"",IF(D35=0,"","（相続人）"))
D37: =入力シート!#REF! -> #REF! | G37: =IF(D32=0,"",IF(D37=0,"","（相続人）"))
B38: 実務取扱者
C39: 住所 | D39: 〒152-0032
D40: 東京都目黒区平町1-21-9ミラドール都立大2階
D41: 土地家屋調査士法人玉川測量設計
C42: 氏名 | D42: 土地家屋調査士 笹生（さそう） 昌史
D43: TEL： | E43: 03-6421-8433
D44: FAX： | E44: 03-6421-8434
D45: 携帯： | E45: 090-4244-4777
D46: E-mail: | E46: saso@tamasoku.com
H47: 以上

Sheet 境界確認願い (3)
G1: =+TODAY() -> 45779 | L1: =TODAY() -> 45779
D3: 様
C6: 私道掘削・通行等承諾についてのお願い
B10: 突然のご連絡にて申し訳ございません。
B12: この度、下記土地所有者である第一ホーム様より、隣地土地所有者の方々に、境界立会並びに境界確認書の取交わし、私道の通行掘削承諾書の取得をお願いしたいとの依頼を受けました。
B14: そのため、お忙しいところ大変恐縮ですが、ご協力を賜りたいと思い、境界が接しているご所有者の皆様へご挨拶に伺っております。
B16: 櫻井様におかれましては、私道の通行と掘削の承諾書をお願いしたくご連絡致しました。 書面でのご案内となり大変申し訳ございません。
B17: 内容について、ご説明させていただきたいと思いますので、お忙しいところ大変お手数ですがご連絡をいただけますと幸いです。
B18: 特にご説明等が不要で、ご承諾いただけます場合は、大変お手数ですが、同封の私道通行掘削承諾書に署名押印いただき、ご返送いただけますと幸いです。
B23: 何卒ご協力の程よろしくお願いいたします。
E25: 記
B27: 測量箇所
C28: 住所 | D28: =入力シート!C4 -> 0
C30: 地番 | D30: １３５１番４
B33: 土地所有者
G34: =IF(D34=0,"","（被相続人）")
C35: 氏名 | D35: 株式会社リプロコミュニティー | G35: =IF(D34=0,"","（相続人）")
G36: =IF(D34=0,"",IF(D36=0,"","（相続人）"))
G37: =IF(D34=0,"",IF(D37=0,"","（相続人）"))
D39: 0 | G39: =IF(D34=0,"",IF(D39=0,"","（相続人）"))
B40: 実務取扱者
C41: 住所 | D41: 〒152-0032
D42: 東京都目黒区平町1-21-9ミラドール都立大2階
D43: 土地家屋調査士法人玉川測量設計
C44: 氏名 | D44: 土地家屋調査士 笹生（さそう） 昌史
D45: TEL： | E45: 03-6421-8433
D46: FAX： | E46: 03-6421-8434
D47: 携帯： | E47: 090-4244-4777
D48: email: | E48: saso@tamasoku.com
H49: 以上

Sheet 境界確認願い (2)
G1: =+TODAY() -> 45779 | L1: =TODAY() -> 45779
B3: 須藤 千代子 | D3: 様
C6: 土地境界確認についてのお願い
B10: 突然のご連絡にて申し訳ございません。
B12: この度、下記土地所有者である上野弘貴様より、隣地土地所有者の方々に、境界立会並びに境界確認書の取交わしをお願いしたいとの依頼を受けました。
B14: そのため、お忙しいところ大変恐縮ですが、ご協力を賜りたいと思い、境界が接しているご所有者の皆様へご挨拶に伺っております。
B16: 今回、関連書類を同封させていただきましたので、ご確認のほどお願い申し上げます。 尚、お立ち会いの日程をご相談させていただきたいと思いますので、お手数ですが、実務取扱者までご連絡いただけますと幸いです。
B21: 何卒ご協力のほど、宜しくお願い申し上げます。
E23: 記
B25: 立会場所
C26: 住所 | D26: =入力シート!C4 -> 0
C28: 地番 | D28: １３５１番４
B31: 土地所有者
G32: =IF(D32=0,"","（被相続人）")
C33: 氏名 | D33: 株式会社リプロコミュニティー | G33: =IF(D32=0,"","（相続人）")
G34: =IF(D32=0,"",IF(D34=0,"","（相続人）"))
G35: =IF(D32=0,"",IF(D35=0,"","（相続人）"))
D37: =入力シート!#REF! -> #REF! | G37: =IF(D32=0,"",IF(D37=0,"","（相続人）"))
B38: 実務取扱者
C39: 住所 | D39: 〒152-0032
D40: 東京都目黒区平町1-21-9ミラドール都立大2階
D41: 土地家屋調査士法人玉川測量設計
C42: 氏名 | D42: 土地家屋調査士 笹生（さそう） 昌史
D43: TEL： | E43: 03-6421-8433
D44: FAX： | E44: 03-6421-8434
D45: 携帯： | E45: 090-4244-4777
D46: email: | E46: saso@tamasoku.com
H47: 以上

Sheet 官民名前欄
B1: みほん
A3: 立会場所・土地の所在・地番 | C3: 土地所有者 住所・氏名・印 | E3: 立会年月日 | F3: 合意年月日 （記入した日付）
A4: =入力シート!$E$7 -> #REF! | C4: =IF(ISBLANK(入力シート!C2),"",入力シート!B2&" "&入力シート!C2)
C5: =入力シート!H7 -> #REF! | E5: 令和１８年 | F5: 令和 年
C6: =IF(ISBLANK(入力シート!F2),入力シート!I7,"被相続人 "&入力シート!I7) -> #REF! | D6: 実印 | E6: 38877 | F6: 月 日
A7: =入力シート!$E$7 -> #REF! | C7: =IF(ISBLANK(入力シート!$F$2),"",入力シート!B$2&" "&入力シート!F$2)
C8: =入力シート!J7 -> #REF! | E8: 令和１８年 | F8: 令和 年
C9: =IF(ISBLANK(入力シート!F$2),入力シート!#REF!,"被相続人 "&入力シート!#REF!) -> #REF! | D9: 実印 | E9: 38877 | F9: 月 日
A10: =入力シート!$E$7 -> #REF! | C10: =IF(ISBLANK(入力シート!$F$2),"",入力シート!B$2&" "&入力シート!F$2)
C11: =入力シート!#REF! -> #REF! | E11: 令和１６年 | F11: 令和 年
C12: =IF(ISBLANK(入力シート!F$2),入力シート!#REF!,"被相続人 "&入力シート!#REF!) -> #REF! | D12: 実印 | E12: 月 日 | F12: 月 日
A13: =入力シート!$E$7 -> #REF! | C13: =IF(ISBLANK(入力シート!$F$2),"",入力シート!B$2&" "&入力シート!F$2)
C14: =入力シート!#REF! -> #REF! | E14: 令和１７年 | F14: 令和 年
C15: =IF(ISBLANK(入力シート!F$2),入力シート!#REF!,"被相続人 "&入力シート!#REF!) -> #REF! | D15: 実印 | E15: 月 日 | F15: 月 日
A16: =入力シート!$E$11 -> #REF! | C16: =入力シート!H11 -> #REF! | E16: 令和１８年 | F16: 令和 年
C17: =入力シート!I11 -> #REF! | D17: 印 | E17: 38877 | F17: 月 日
A18: =入力シート!$E$11 -> #REF! | C18: =入力シート!J11 -> #REF! | E18: 令和１８年 | F18: 令和 年
C19: =入力シート!#REF! -> #REF! | D19: 印 | E19: 38877 | F19: 月 日
A20: =入力シート!$E$11 -> #REF! | C20: =入力シート!#REF! -> #REF! | E20: 令和１７年 | F20: 令和 年
C21: =入力シート!#REF! -> #REF! | D21: 印 | E21: 月 日 | F21: 月 日
A22: =入力シート!$E$11 -> #REF! | C22: =入力シート!#REF! -> #REF! | E22: 令和１７年 | F22: 令和 年
C23: =入力シート!#REF! -> #REF! | D23: 印 | E23: 月 日 | F23: 月 日
A24: =入力シート!$E$12 -> #REF! | C24: =入力シート!H12 -> #REF! | E24: 令和１８年 | F24: 令和 年
C25: =入力シート!I12 -> #REF! | D25: 印 | E25: 38877 | F25: 月 日
A26: =入力シート!$E$12 -> #REF! | C26: =入力シート!J12 -> #REF! | E26: 令和１７年 | F26: 令和 年
C27: =入力シート!#REF! -> #REF! | D27: 印 | E27: 月 日 | F27: 月 日
A28: =入力シート!$E$12 -> #REF! | C28: =入力シート!#REF! -> #REF! | E28: 令和１７年 | F28: 令和 年
C29: =入力シート!#REF! -> #REF! | D29: 印 | E29: 月 日 | F29: 月 日
A30: =入力シート!$E$12 -> #REF! | C30: =入力シート!#REF! -> #REF! | E30: 令和１７年 | F30: 令和 年
C31: =入力シート!#REF! -> #REF! | D31: 印 | E31: 月 日 | F31: 月 日
A32: =入力シート!$E$13 -> 0 | C32: =入力シート!H13 -> 0 | E32: 令和１７年 | F32: 令和 年
C33: =入力シート!I13 -> 0 | D33: 印 | E33: 月 日 | F33: 月 日
A34: =入力シート!$E$13 -> 0 | C34: =入力シート!J13 -> 0 | E34: 令和１７年 | F34: 令和 年
C35: =入力シート!#REF! -> #REF! | D35: 印 | E35: 月 日 | F35: 月 日
A36: =入力シート!$E$13 -> 0 | C36: =入力シート!#REF! -> #REF! | E36: 令和１７年 | F36: 令和 年
C37: =入力シート!#REF! -> #REF! | D37: 印 | E37: 月 日 | F37: 月 日
A38: =入力シート!$E$13 -> 0 | C38: =入力シート!#REF! -> #REF! | E38: 令和１７年 | F38: 令和 年
C39: =入力シート!#REF! -> #REF! | D39: 印 | E39: 月 日 | F39: 月 日
A40: =入力シート!$E$14 -> 0 | C40: =入力シート!H14 -> 0 | E40: 令和１７年 | F40: 令和 年
C41: =入力シート!I14 -> 0 | D41: 印 | E41: 月 日 | F41: 月 日
A42: =入力シート!$E$14 -> 0 | C42: =入力シート!J14 -> 0 | E42: 令和１７年 | F42: 令和 年
C43: =入力シート!#REF! -> #REF! | D43: 印 | E43: 月 日 | F43: 月 日
A44: =入力シート!$E$14 -> 0 | C44: =入力シート!#REF! -> #REF! | E44: 令和１７年 | F44: 令和 年
C45: =入力シート!#REF! -> #REF! | D45: 印 | E45: 月 日 | F45: 月 日
A46: =入力シート!$E$14 -> 0 | C46: =入力シート!#REF! -> #REF! | E46: 令和１７年 | F46: 令和 年
C47: =入力シート!#REF! -> #REF! | D47: 印 | E47: 月 日 | F47: 月 日
A48: =入力シート!$E$15 -> 0 | C48: =入力シート!H15 -> 0 | E48: 令和１７年 | F48: 令和 年
C49: =入力シート!I15 -> 0 | D49: 印 | E49: 月 日 | F49: 月 日
A50: =入力シート!$E$15 -> 0 | C50: =入力シート!J15 -> 0 | E50: 令和１７年 | F50: 令和 年
C51: =入力シート!#REF! -> #REF! | D51: 印 | E51: 月 日 | F51: 月 日
A52: =入力シート!$E$15 -> 0 | C52: =入力シート!#REF! -> #REF! | E52: 令和１７年 | F52: 令和 年
C53: =入力シート!#REF! -> #REF! | D53: 印 | E53: 月 日 | F53: 月 日
A54: =入力シート!$E$15 -> 0 | C54: =入力シート!#REF! -> #REF! | E54: 令和１７年 | F54: 令和 年
C55: =入力シート!#REF! -> #REF! | D55: 印 | E55: 月 日 | F55: 月 日
A56: =入力シート!$E$16 -> 0 | C56: =入力シート!H16 -> 0 | E56: 令和１７年 | F56: 令和 年
C57: =入力シート!I16 -> 0 | D57: 印 | E57: 月 日 | F57: 月 日
A58: =入力シート!$E$17 -> 0 | C58: =入力シート!H17 -> 0 | E58: 令和１７年 | F58: 令和 年
C59: =入力シート!I17 -> 0 | D59: 印 | E59: 月 日 | F59: 月 日
A60: =入力シート!$E$18 -> 0 | C60: =入力シート!H18 -> 0 | E60: 令和１７年 | F60: 令和 年
C61: =入力シート!I18 -> 0 | D61: 印 | E61: 月 日 | F61: 月 日
A62: =入力シート!$E$19 -> 0 | C62: =入力シート!H19 -> 0 | E62: 令和１７年 | F62: 令和 年
C63: =入力シート!I19 -> 0 | D63: 印 | E63: 月 日 | F63: 月 日
A64: =入力シート!$E$20 -> 0 | C64: =入力シート!H20 -> 0 | E64: 令和１７年 | F64: 令和 年
C65: =入力シート!I20 -> 0 | D65: 印 | E65: 月 日 | F65: 月 日
A66: =入力シート!$E$21 -> 0 | C66: =入力シート!H21 -> 0 | E66: 令和１７年 | F66: 令和 年
C67: =入力シート!I21 -> 0 | D67: 印 | E67: 月 日 | F67: 月 日
A70: ※立会場所・土地の所在地番は、省略せずに記入をお願いします。（見本と同じように記入願います。）
A71: 住所については、"－"を使用して記入しても構いません。
A72: 現住所が、記載の住所と異なる場合は、現住所の記入をお願いします。

Sheet 成果品目録
C7: 調査測量図
C15: 所在 | D15: #REF!
M16: =境界確認書甲乙1!Z3 -> 0
M17: =境界確認書甲乙1!Z4 -> 0
M18: =境界確認書甲乙1!Z5 -> 0
M19: =境界確認書甲乙1!Z6 -> 0
M20: =境界確認書甲乙1!Z7 -> 0
C21: 1 | D21: 案内図 | M21: =境界確認書甲乙1!Z8 -> 0
C23: 2 | D23: 公図
C25: 3 | D25: 地積測量図 | M25: 境界確定通知書
M26: 土地境界確認書
C27: 4 | D27: 土地境界確認書 | M27: 現況実測図
M28: 真北計算書
C29: 5 | D29: 土地使用承諾書 | M29: 申請書副本
M30: 全部事項証明書
C31: 6 | M31: 公図
M32: 登記完了証、地積測量図
C33: 7 | M33: 道路区域証明書
M34: 案内図
M35: 土地所有者一覧表
M36: 有効宅地求積図
M38: {=入力シート!E7:E19} -> #REF!
M39: #REF!
M40: #REF!
M41: #REF!
M42: #REF!
M43: #REF!
C44: 土地家屋調査士法人玉川測量設計 | M44: 0
M45: 0
C46: 〒152-0032 東京都目黒区平町1-21-9ミラドール都立大2階 | M46: 0
C47: TEL 03-6421-8433 FAX 03-6421-8434 | M47: 0
M48: 0
M49: 0
M50: 0

Sheet 背表紙
A1: ="（"&成果品目録!$D$15&"）" -> #REF! | B1: 調査測量図 | D1: ="（"&成果品目録!$D$15&"）" -> #REF! | E1: 調査測量図
